id,phase,phase_title,owner,stage,depends_on,work,acceptance,state
E00-O01,E00,Repository truth and integration recovery,executor,P0,,"Reconcile main and the legacy default at exact SHAs using ADR-0029; preserve both histories, retarget PRs deliberately and separate repository rename from product naming.","Accepted integration record, no lost changes, CI/deployment sources agree, rollback rehearsed before any old branch is retired.",planned
E00-O02,E00,Repository truth and integration recovery,executor,P0,,"Inventory primary and older dirty trees, snapshot branch, all remote heads and unmerged patches; hash candidate files and assign a disposition to every branch.","Each delta is retained, integrated, superseded with evidence, or intentionally deferred; no blanket reset or bulk merge.",planned
E00-O03,E00,Repository truth and integration recovery,executor,P0,,"Close the current formatting failure and triage failed PR checks by cause; preserve #361 App.tsx, #363 browser, #365 graph, #495 marketing, #496 selection evidence and #499 overlay ownership.","Candidate checks pass on the reconciled revision; a docs-only failure, environment failure and product regression remain separately identified.",planned
E00-O04,E00,Repository truth and integration recovery,executor,P0,,"Adopt this package through #444/#370, link requirements and refresh the capability ledger, ownership protocol and CTO checkpoint.","No unowned source record; current integration SHA, capability evidence and next safe frontier are generated without declaring features complete from issue state.",planned
E01-O01,E01,Founding product thesis and architect research,product-architecture,P0 + P1A,E00,Reconstruct the July 21 thesis and interview evidence; validate independent architects and small residential practices as the first audience.,"Interview notes distinguish observed pain, frequency, existing workaround and willingness to change; unperformed interviews remain pending.",planned
E01-O02,E01,Founding product thesis and architect research,product-architecture,P0 + P1A,E00,Run the two six-architect interview rounds and hands-on competitor workflow benchmark; use identical residential tasks and record constraints.,"Twelve sessions are targeted by existing issues; recruit mix and consent are recorded, and benchmark results are observations rather than borrowed marketing claims.",planned
E01-O03,E01,Founding product thesis and architect research,product-architecture,P0 + P1A,E00,"Define the protected two-level house journey and test first-wall, first-correct-sheet, portable reopen and recovery comprehension.","Task scripts and success measures are approved before alpha, with baseline timings and assistance recorded.",planned
E01-O04,E01,Founding product thesis and architect research,product-architecture,P0 + P1A,E00,"Maintain an adopt/adapt/defer/reject research ledger for Pascal, Archaiflow and AI architecture comparisons.","Every adopted suggestion has user evidence, provenance, licence review where relevant, affected contract and an existing owner; no competitor feature automatically becomes scope.",planned
E02-O01,E02,Capability contracts and release boundaries,product-architecture,P0,E00,"Map every promised feature to UI entry, command, typed operation, storage, derived views, tests, support documentation and release stage.","The 265 feature-catalogue rows retain their original stages and status; unsupported, research-only and shipped are distinct.",planned
E02-O02,E02,Capability contracts and release boundaries,product-architecture,P0,E00,"Preserve Core Release 1, Exchange Release 2, bounded AI/documentation Release 3 and native value Release 4 while mapping the newer P0-P10 trajectory.",A signed scope baseline names required and excluded features for each release; the new E-phases do not silently change those commitments.,planned
E02-O03,E02,Capability contracts and release boundaries,product-architecture,P0,E00,Unify product and UX ownership from #493: semantic owners supply operations; UX issues expose and test them.,"Walls, openings, rooms, dimensions, notes, levels, sheets, Agent and selection each have one authority and a shared completion gate.",planned
E02-O04,E02,Capability contracts and release boundaries,product-architecture,P0,E00,"Define versioned interface and compatibility contracts, stable requirement IDs and evidence freshness.","Unknowns have decision IDs, owners and due gates; proposed ADRs cannot be cited as accepted, and changes invalidate dependent evidence.",planned
E03-O01,E03,"Units, coordinates and tolerance decisions",geometry-bim,P0 + P1,E02,"Complete the canonical-unit spike with metric/imperial, extreme coordinates, import origins, round trips and TS/Rust parity.","ADR-0004 and the decision register record measured alternatives, selected representation, limits and migration impact.",planned
E03-O02,E03,"Units, coordinates and tolerance decisions",geometry-bim,P0 + P1,E02,"Separate canonical storage, display units, decimal locale, snapping distance, topological tolerance and rendering precision.","Unit/locale changes do not change the building; NaN, infinity, overflow and invalid scales are refused without a commit.",planned
E03-O03,E03,"Units, coordinates and tolerance decisions",geometry-bim,P0 + P1,E02,"Calibrate the tolerance ladder for point equality, intersection, joins, room closure, minimum openings and export precision.",Boundary/property fixtures cover both sides of each threshold and produce stable results across supported execution engines.,planned
E03-O04,E03,"Units, coordinates and tolerance decisions",geometry-bim,P0 + P1,E02,"Version IDs and semantic subreferences for edges, faces, hosts, dimensions, review anchors and Agent proposals.",References survive supported edits and become explicitly invalid when topology changes; no index-based silent retargeting.,planned
E04-O01,E04,"Commands, tools, selection and focus authority",editor-interaction,P0 + UX-0/2,E02,"Reuse merged #396/#398/#403 audit evidence, finish #401 through PR #496, and verify current command/selection evidence before broad shell changes.","Every CMD catalogue item is runnable, deliberately unavailable with a reason, or later-stage; no invented command succeeds through a demo note.",planned
E04-O02,E04,"Commands, tools, selection and focus authority",editor-interaction,P0 + UX-0/2,E02,"Create one metadata/dispatch contract for palette, toolbar, shortcuts and context menus, with capability and permission checks.",The same command produces the same result from every entry; Share and Account never add model undo history when unavailable.,planned
E04-O03,E04,"Commands, tools, selection and focus authority",editor-interaction,P0 + UX-0/2,E02,"Unify selected set, primary item, active tool, active level/view and keyboard focus across Plan, 3D, tree and inspector.","Hidden/locked/deleted targets, multi-selection and primary-selection transitions are covered by deterministic and browser tests.",planned
E04-O04,E04,"Commands, tools, selection and focus authority",editor-interaction,P0 + UX-0/2,E02,"Standardise pointer capture, preview, exact entry, Enter, Escape, cancel, focus restoration and grouped undo.",Cancel leaves canonical state unchanged; IME/editable fields do not fire global shortcuts; modal and tool transitions restore useful focus.,planned
E05-O01,E05,Lossless canonical model and typed operations,geometry-bim,P0 + P1,E03,Implement the reference-model writer and typed semantic mutations over existing BIM contracts.,"Rich fixtures retain untouched levels, types, rooms, openings, placed content, services, pathways, views and metadata after edit/publish/reopen.",planned
E05-O02,E05,Lossless canonical model and typed operations,geometry-bim,P0 + P1,E03,"Define create/update/delete and inverse contracts with explicit project, revision, element, level and type identity.",Missing identities and stale revisions fail before mutation; flat models never silently replace rich reference models.,planned
E05-O03,E05,Lossless canonical model and typed operations,geometry-bim,P0 + P1,E03,"Make validation and dependency policy explicit for hosted objects, rooms, dimensions, views and future plugins.","Delete, move, split and type edits either preserve/recompute dependants or refuse with a useful explanation; no dangling references.",planned
E05-O04,E05,Lossless canonical model and typed operations,geometry-bim,P0 + P1,E03,"Generate invalidation from committed semantic changes to plan, model, tree, inspector and documents.",Every consumer converges on one revision; renderer state and cached meshes never become project truth.,planned
E06-O01,E06,Durable editor transactions and portable publication,arqfs-recovery,P0 + UX-5,E05,Finish and reconcile PR #361's native persistence bridge; keep demo journaling scoped to no-native-project mode.,"Forward edit, undo and redo use the existing native session queue; read-only and unsupported reference writes fail honestly.",planned
E06-O02,E06,Durable editor transactions and portable publication,arqfs-recovery,P0 + UX-5,E05,"Commit typed operations, inverse/history and durable revision metadata with acknowledgement semantics.",Failures before/during/after a Worker write never create partial canonical commits or a false saved state; subsequent valid work can recover.,planned
E06-O03,E06,Durable editor transactions and portable publication,arqfs-recovery,P0 + UX-5,E05,Consolidate Save a copy and Publish into one snapshot/checkpoint/export/fresh-reader verification path.,"Identity, revision, checksums, semantic equivalence and absence of WAL/SHM dependencies are checked before portable bytes are delivered.",planned
E06-O04,E06,Durable editor transactions and portable publication,arqfs-recovery,P0 + UX-5,E05,"Handle queued edits during publish/close/project switching, cancelled download and failed file delivery.",A later edit is not falsely included in an earlier copy; delivery cancellation does not advance the delivered-copy state or overwrite the source file.,planned
E07-O01,E07,"Migration, recovery and storage pressure",arqfs-recovery,P1 + UX-5,E06,"Revalidate merged #357 copy-on-write migration through the current UI, preserving source bytes and quarantining failed copies.","Old/new schema, truncated file, wrong application ID, interrupted migration and sidecar-dependent files each produce the correct refusal or recoverable copy.",planned
E07-O02,E07,"Migration, recovery and storage pressure",arqfs-recovery,P1 + UX-5,E06,"Prove crash and restart recovery across edits, close, publish, Worker termination and browser shutdown.","Recovery identifies project, source revision, recovered revision and losses; restore/discard is inspectable and never destroys the only good copy.",planned
E07-O03,E07,"Migration, recovery and storage pressure",arqfs-recovery,P1 + UX-5,E06,"Add quota, eviction, denied persistence, full disk and low-memory pressure handling with an export escape path.","Local working copy, recovery journal and independent portable backup are distinct in UI; storage failure cannot report saved.",planned
E07-O04,E07,"Migration, recovery and storage pressure",arqfs-recovery,P1 + UX-5,E06,"Enforce single-writer identity across tabs, duplicate filenames, stale replies and A→B→A switching.",Wrong-project writes are impossible in injected races; lock acquisition/release and abandoned-session recovery have bounded outcomes.,planned
E08-O01,E08,"New, open, recent and project lifecycle",arqfs-recovery,P1,E07,"Create a real native project from New with project identity, units, initial level, naming and useful sample choices.","A newly created project can be edited, exported, closed and independently reopened without first importing an existing file.",planned
E08-O02,E08,"New, open, recent and project lifecycle",arqfs-recovery,P1,E07,"Support open, recent, rename, duplicate and close with explicit unsaved/in-flight-write decisions.",Recents are scoped to recoverable identities; duplicate creates a new identity; stale entries provide a safe path rather than an empty shell.,planned
E08-O03,E08,"New, open, recent and project lifecycle",arqfs-recovery,P1,E07,Design archive/delete/restore and retention for local ownership first and later cloud ownership separately.,"Destructive actions explain affected copies, preserve recoverability where promised and cannot delete a different project's resources.",planned
E08-O04,E08,"New, open, recent and project lifecycle",arqfs-recovery,P1,E07,"Make first-run, unsupported-version, no-project and recovery entry states discoverable.","A novice can find New/Open/sample and explain where work is stored without knowing OPFS, SQLite or Worker terminology.",planned
E09-O01,E09,Security and supply-chain foundations,security,P0 + P1,E02,"Threat-model untrusted .arq/SQLite/archive, images/PDF, DXF/IFC, scripts, Worker messages and remote links.","Parser size, expansion, nesting, entity, CPU and time limits are enforced; cancellation terminates expensive work and leaves committed data unchanged.",planned
E09-O02,E09,Security and supply-chain foundations,security,P0 + P1,E02,"Review origin isolation, CSP, navigation/URL handling, dependency licence inventory and secret boundaries.",No exploitable critical/high finding remains in enabled shipping paths; malformed fixtures and injection attempts fail safely.,planned
E09-O03,E09,Security and supply-chain foundations,security,P0 + P1,E02,"Inventory dependencies, pinned toolchains, SBOM, notices, native libraries, model weights and update provenance.",Each shipped artefact has a reproducible dependency bill and reviewed distribution obligations; dependency PRs are upgraded in compatible groups with regression evidence.,planned
E09-O04,E09,Security and supply-chain foundations,security,P0 + P1,E02,"Create vulnerability intake, advisory, patch and compromised-release procedures.","A tabletop exercise assigns containment, disclosure, revoked credentials/artefacts and recovery to named owners; no fabricated security certification.",planned
E10-O01,E10,Visual system and canvas-first shell,ui-visual,UX-1,E04,"Preserve brand.v4, shell tokens, functional material and dark appearance authority; reconcile portal typography, icon gaps and local constants.",Shared surfaces consume owned tokens; arbitrary values have documented geometric or optical reasons.,planned
E10-O02,E10,Visual system and canvas-first shell,ui-visual,UX-1,E04,Define desktop panel resize/collapse/docking/reopen and overlay exclusion zones before root composition.,"Menus, dialogs, tool HUD, toasts and drawers have predictable stacking; no control or error message covers a critical action.",planned
E10-O03,E10,Visual system and canvas-first shell,ui-visual,UX-1,E04,Implement root shell composition only after #361 ownership is resolved; separate reusable state primitives from root wiring.,"Useful canvas space remains at supported viewport sizes, and empty/loading/read-only/error states have one clear next action.",planned
E10-O04,E10,Visual system and canvas-first shell,ui-visual,UX-1,E04,"Review light/dark, increased contrast, reduced transparency, 200% zoom and long/localised text at real DPRs.","Visual diffs are explained, focus/disabled/selected states remain distinct and baselines are never reset merely to hide regressions.",planned
E11-O01,E11,Complete wall authoring and editing,geometry-bim,P1 + UX-3,"E04, E05, E06, E10","Deliver straight-wall drawing with exact length/angle, chaining, live snapping and typed semantic context.","Preview and committed geometry agree; zero-length, duplicate, out-of-range and cancelled segments leave state unchanged.",planned
E11-O02,E11,Complete wall authoring and editing,geometry-bim,P1 + UX-3,"E04, E05, E06, E10","Complete endpoints, reshape, move, copy, rotate, mirror, trim, extend, split and offset within declared Core support.",Unsupported modifiers are disabled; valid changes preserve identity and form a deliberate undo group.,planned
E11-O03,E11,Complete wall authoring and editing,geometry-bim,P1 + UX-3,"E04, E05, E06, E10","Resolve butt, mitre, T and cross joins, wall thickness/type and intersections with one tolerance policy.",Adversarial join fixtures are deterministic and plan/3D/PDF show equivalent geometry without inverted solids or gaps.,planned
E11-O04,E11,Complete wall authoring and editing,geometry-bim,P1 + UX-3,"E04, E05, E06, E10","Propagate wall edits to hosted openings, rooms, dimensions and dependent drawings.","Delete/split/reshape has an explicit dependency result, survives portable reopen and never silently detaches an opening or measurement.",planned
E12-O01,E12,"Hosted openings, doors and windows",geometry-bim,P1 + UX-3,E11,Wire door and window placement to valid host wall/level/type with snapped preview and host highlighting.,"Off-wall, too-wide, out-of-bounds and overlapping placements refuse before commit.",planned
E12-O02,E12,"Hosted openings, doors and windows",geometry-bim,P1 + UX-3,E11,"Expose door hand, side and swing plus window width, height and sill with exact numeric entry.",Inspector and direct controls agree; type/instance and mixed-selection edits are clear and atomic.,planned
E12-O03,E12,"Hosted openings, doors and windows",geometry-bim,P1 + UX-3,E11,"Maintain openings during wall reversal, movement, split, thickness changes and deletion.",Deterministic host remap/cascade/refusal policy prevents orphan references and geometric overlap.,planned
E12-O04,E12,"Hosted openings, doors and windows",geometry-bim,P1 + UX-3,E11,"Prove plan symbols, 3D cutouts, schedules where enabled, PDF and reopened archive agreement.",Rich fixture round trips retain all unaffected entities; undo/redo restores exact host and infill relationships.,planned
E13-O01,E13,"Rooms, topology and areas",geometry-bim,P1 + UX-3,"E11, E12",Connect room placement/detection to the canonical boundary graph and active level.,"Bounded, unbounded, nested, concave and self-intersecting cases report accurate topology rather than a plausible fill.",planned
E13-O02,E13,"Rooms, topology and areas",geometry-bim,P1 + UX-3,"E11, E12","Provide gap diagnostics, zoom-to-problem, room identity/name/number and area display.",A user can find and repair a near-gap; exact area definitions and units are documented.,planned
E13-O03,E13,"Rooms, topology and areas",geometry-bim,P1 + UX-3,"E11, E12",Recompute rooms after host changes with incremental invalidation and stable identity policies.,"Splits/merges/deleted boundaries never leave stale labels, quantities or orphan room references.",planned
E13-O04,E13,"Rooms, topology and areas",geometry-bim,P1 + UX-3,"E11, E12",Validate geometry and usability against independent hand-calculated fixtures and real plans.,"Holes, slivers, near-coincident edges and extreme scales produce deterministic area or actionable refusal; no building-code compliance claim.",planned
E14-O01,E14,"Levels, types and building hierarchy",geometry-bim,P1 + UX-4,"E05, E06, E10",Implement level create/rename/elevation/duplicate/delete using canonical operations.,"Dependent elements are moved, copied or refused explicitly; no implicit vertical shift or cross-level deletion.",planned
E14-O02,E14,"Levels, types and building hierarchy",geometry-bim,P1 + UX-4,"E05, E06, E10","Provide compact level switching, visibility and isolation in Plan and 3D.",View context and selection remain coherent when active elements are hidden or a level is deleted.,planned
E14-O03,E14,"Levels, types and building hierarchy",geometry-bim,P1 + UX-4,"E05, E06, E10",Separate reusable types from instance overrides for walls/openings and material properties.,Editing a type shows affected instances and uses one transaction/undo group with correct derived updates.,planned
E14-O04,E14,"Levels, types and building hierarchy",geometry-bim,P1 + UX-4,"E05, E06, E10","Exercise multi-level project switching, duplicate names, negative elevations and imported level IDs.",Stable IDs survive save/publish/reopen; label text is never used as semantic identity.,planned
E15-O01,E15,Image and PDF underlays,interoperability,P1,"E08, E09, E10","Implement image ingress, scale calibration, placement, rotate, opacity, lock and tracing with resource provenance.",Two-point known-distance calibration survives save/reopen and does not alter canonical project units.,planned
E15-O02,E15,Image and PDF underlays,interoperability,P1,"E08, E09, E10","Bound image dimensions/decoded memory, orientation metadata and unsupported encodings.",Corrupt/oversized/cancelled imports preserve the current model and report the failing resource.,planned
E15-O03,E15,Image and PDF underlays,interoperability,P1,"E08, E09, E10","Add PDF underlay only after the image path is proven: page selection, declared raster/vector treatment and scale.","Multi-page, rotated, cropped and unusual page-size fixtures preserve measured distance within the approved tolerance.",planned
E15-O04,E15,Image and PDF underlays,interoperability,P1,"E08, E09, E10","Track source replacement, resource cleanup, missing source and export participation.",Replacing a reference is explicit and reversible; removing an underlay cannot remove unrelated content-addressed resources.,planned
E16-O01,E16,Associative dimensions and precision annotation,geometry-bim,P1 + UX-3,"E03, E11, E14",Implement linear dimension placement and edits using stable semantic subreferences.,Dimension endpoints track supported geometry edits and become visibly broken when a reference no longer exists.,planned
E16-O02,E16,Associative dimensions and precision annotation,geometry-bim,P1 + UX-3,"E03, E11, E14","Separate displayed precision, rounded labels, actual measurements and user overrides.",Metric/imperial formatting and locale separators never round canonical geometry or masquerade as measured values.,planned
E16-O03,E16,Associative dimensions and precision annotation,geometry-bim,P1 + UX-3,"E03, E11, E14","Handle aligned/horizontal/vertical dimensions, text placement and crowded chains within the declared subset.","Small scale, zoom, long labels and overlapping annotations remain legible in Plan and PDF.",planned
E16-O04,E16,Associative dimensions and precision annotation,geometry-bim,P1 + UX-3,"E03, E11, E14","Validate wall split/delete/rehost, copy, undo/redo, level switch and publication cases.","A dimension never silently points to another element, and independent reopened output reproduces the intended measurement.",planned
E17-O01,E17,"Notes, labels and text editing",editor-interaction,P1 + UX-3,"E04, E06, E10","Deliver durable text-note placement, in-place editing, selection and inspector properties.","Notes are canonical content with typed inverses, not demo journal notes or DOM-only state.",planned
E17-O02,E17,"Notes, labels and text editing",editor-interaction,P1 + UX-3,"E04, E06, E10","Support multiline, Unicode, IME, copy/paste, wrapping, style and text extent calculations.",Editing text never triggers drawing shortcuts or loses composed input; unsafe markup is treated as text.,planned
E17-O03,E17,"Notes, labels and text editing",editor-interaction,P1 + UX-3,"E04, E06, E10",Make room labels and annotations collision-aware and selectable with semantic alternatives.,Label movement does not alter room geometry; screen readers can inspect the text and associated entity.,planned
E17-O04,E17,"Notes, labels and text editing",editor-interaction,P1 + UX-3,"E04, E06, E10","Verify font embedding/fallback, print text bounds and archive round trips.","Plan, sheet, vector PDF and reopened project retain content and declared typography without silent clipping.",planned
E18-O01,E18,Coordinated Plan and orthographic 3D,rendering-performance,P1 + UX-4,"E05, E11, E12, E13, E14","Productionise Plan projection, lineweights, selection, snap glyphs, clipping and visible-level filtering.",Canonical edits invalidate the correct regions and preserve architectural scale and intended visual hierarchy.,planned
E18-O02,E18,Coordinated Plan and orthographic 3D,rendering-performance,P1 + UX-4,"E05, E11, E12, E13, E14","Productionise derived orthographic 3D, wall/opening meshes, materials, orbit, fit/reset and shared picking.","Plan/3D/tree select the same IDs; no stale meshes, invisible picks or camera loss after supported updates.",planned
E18-O03,E18,Coordinated Plan and orthographic 3D,rendering-performance,P1 + UX-4,"E05, E11, E12, E13, E14",Restrict direct 3D edits to explicit semantic operations and hand off unsupported edits clearly.,The 3D viewer cannot mutate mesh-only state and imply durable architectural change.,planned
E18-O04,E18,Coordinated Plan and orthographic 3D,rendering-performance,P1 + UX-4,"E05, E11, E12, E13, E14","Handle WebGL context loss, init failure, weak GPU and renderer fallback.","Users can keep or export their project, errors are actionable, and rendering degradation never changes canonical geometry.",planned
E19-O01,E19,Model browser and inspector,editor-interaction,P1 + UX-4,"E04, E05, E14, E18","Deliver hierarchy/search/filtering for real levels, objects, types and views, including empty and inaccessible results.","Large-tree virtualisation preserves keyboard navigation, stable selection and meaningful announcements.",planned
E19-O02,E19,Model browser and inspector,editor-interaction,P1 + UX-4,"E04, E05, E14, E18","Expose identity, geometry, type/instance, relationships, warnings and history through the owned semantic model.",No property is invented from display labels; read-only and unsupported properties state why.,planned
E19-O03,E19,Model browser and inspector,editor-interaction,P1 + UX-4,"E04, E05, E14, E18","Unify exact numeric inputs, mixed-value states, validation, multi-edit and transaction boundaries.",A multi-selection edit succeeds atomically or reports per-policy refusal with no partial committed state.,planned
E19-O04,E19,Model browser and inspector,editor-interaction,P1 + UX-4,"E04, E05, E14, E18","Test selection/focus across tree, inspector, Plan/3D, hidden levels and deleted entities.","Inspector data matches current revision and focus remains usable after rerender, filter and navigation.",planned
E20-O01,E20,One live plan sheet and verified vector PDF,interoperability,P1 + UX-6,"E15, E16, E17, E18, E19","Create a durable plan-sheet model with page size/orientation, live viewport, scale, placement and supported title/metadata.",Sheet edits persist and reference current semantic content rather than a stale screenshot.,planned
E20-O02,E20,One live plan sheet and verified vector PDF,interoperability,P1 + UX-6,"E15, E16, E17, E18, E19","Implement viewport selection, direct arrangement, numeric scale and print preview using shared commands.","Paper dimensions, model units and viewport scale have separate fields and cannot silently multiply each other.",planned
E20-O03,E20,One live plan sheet and verified vector PDF,interoperability,P1 + UX-6,"E15, E16, E17, E18, E19","Generate vector PDF with embedded fonts, stable lineweights, labels, clipping and declared limitations.",Independently inspect physical page dimensions and known distances in at least two readers; compare PDF semantics with the current sheet.,planned
E20-O04,E20,One live plan sheet and verified vector PDF,interoperability,P1 + UX-6,"E15, E16, E17, E18, E19","Provide export preflight, progress, cancel, failure and delivery feedback.",Unsupported features are reported before export; cancellation or memory exhaustion leaves the project untouched and never reports a delivered file.,planned
E21-O01,E21,Accessible architectural workflow,accessibility,P1 + UX-8,"E10, E19, E20","Provide semantic alternatives to canvas selection, inspection, property edits and commands.","Keyboard/screen-reader users can open, select, edit, undo, export and recover without pointer-only dependencies.",planned
E21-O02,E21,Accessible architectural workflow,accessibility,P1 + UX-8,"E10, E19, E20","Close focus order, focus visibility, modal restoration, status announcement and shortcut conflicts.",No keyboard traps or obscured essential focus; errors identify the field and recovery action without excessive live-region chatter.,planned
E21-O03,E21,Accessible architectural workflow,accessibility,P1 + UX-8,"E10, E19, E20","Verify contrast, non-colour states, target sizes, reduced motion and reflow/zoom across active surfaces.",Applicable WCAG 2.2 AA criteria have criterion-level evidence and exceptions are explicit; screenshots alone cannot pass the gate.,planned
E21-O04,E21,Accessible architectural workflow,accessibility,P1 + UX-8,"E10, E19, E20",Run VoiceOver/Safari and NVDA/supported Windows browser sessions with users where feasible.,"Assistive-technology version, tasks, barriers and fixes are recorded; the protected workflow passes after final integration.",planned
E22-O01,E22,"Browser, tablet, phone and input matrix",accessibility,P1 + UX-1/8,"E10, E20",Reconcile #362 vendor capability matrix and #363 three-engine smoke evidence with actual supported OS/device policy.,"Chromium, Firefox and WebKit tests name exact versions; engine simulation never stands for real Safari or iPad evidence.",planned
E22-O02,E22,"Browser, tablet, phone and input matrix",accessibility,P1 + UX-1/8,"E10, E20","Define desktop authoring, iPad authoring and phone review/light-edit scope explicitly.",Each supported command has a tested input route; unavailable device features are explained rather than compressed into unusable controls.,planned
E22-O03,E22,"Browser, tablet, phone and input matrix",accessibility,P1 + UX-1/8,"E10, E20","Test pen/touch/mouse/trackpad transitions, palm interference, pointer cancel/capture, orientation, virtual keyboard and safe areas.","No accidental geometry commits, blocked dialogs or hidden export/recovery controls on supported hardware.",planned
E22-O04,E22,"Browser, tablet, phone and input matrix",accessibility,P1 + UX-1/8,"E10, E20",Capture responsive/theme/critical-state visual matrix and validate 200% zoom and narrow widths.,Real devices satisfy published claims; unsupported Firefox/OS or Pencil combinations remain excluded until their own gate passes.,planned
E23-O01,E23,"Performance, scale and lifecycle endurance",rendering-performance,P1 + UX-8,"E18, E20","Measure the protected 1,000-object house on representative physical hardware, cold/warm open and realistic storage.","Reports include workload, device, browser, percentiles, peak memory and variance; inherited CI medians are not physical-device certification.",planned
E23-O02,E23,"Performance, scale and lifecycle endurance",rendering-performance,P1 + UX-8,"E18, E20",Enforce interactive/open/select/hover/commit/undo/PDF and bundle budgets from the existing performance contract.,p95/p99 and memory ceilings are calibrated and accepted before beta; no hot path exceeds its approved budget without a release decision.,planned
E23-O03,E23,"Performance, scale and lifecycle endurance",rendering-performance,P1 + UX-8,"E18, E20","Improve Worker backpressure, stale-result cancellation, incremental derivation and resource lifetime from profiling.",Rapid edits and slow workers do not grow unbounded queues or apply stale geometry.,planned
E23-O04,E23,"Performance, scale and lifecycle endurance",rendering-performance,P1 + UX-8,"E18, E20","Run repeated open/close, A→B→A, sheet/3D switching and long-session soak with leak detection.",Worker counts and retained memory plateau after cleanup; performance degrades explicitly before data integrity is at risk.,planned
E24-O01,E24,"Diagnostics, support and incident readiness",incident-commander,P1,"E07, E09","Wire local diagnostic IDs, operation/revision context and error taxonomy through storage, import, rendering and UI.",A failure can be traced across layers without uploading raw project content by default.,planned
E24-O02,E24,"Diagnostics, support and incident readiness",incident-commander,P1,"E07, E09","Build redacted opt-in support bundles, preview/export and privacy controls.","Secrets, paths, account identifiers and project contents are excluded or explicitly consented; tests exercise realistic leakage cases.",planned
E24-O03,E24,"Diagnostics, support and incident readiness",incident-commander,P1,"E07, E09","Prepare support knowledge base, recovery scripts, escalation roles and incident severity response.","A support rehearsal diagnoses a failed save, helps export a verified copy and records a reproducible issue with the correct build.",planned
E24-O04,E24,"Diagnostics, support and incident readiness",incident-commander,P1,"E07, E09","Define service hours, crash reporting consent, retention and post-incident review.","Every critical incident has containment, customer communication, regression fixture and an accountable closure owner.",planned
E25-O01,E25,Protected Core integration and defect closure,qa-release,P1 gate,"E03, E04, E05, E06, E07, E08, E09, E10, E11, E12, E13, E14, E15, E16, E17, E18, E19, E20, E21, E22, E23, E24",Run New → underlay → walls/openings/rooms → dimensions/notes → levels/Plan/3D → sheet/PDF → publish → close → fresh reopen.,Exact candidate build completes the supported journey without manual state repair and with semantic/visual/document agreement.,planned
E25-O02,E25,Protected Core integration and defect closure,qa-release,P1 gate,"E03, E04, E05, E06, E07, E08, E09, E10, E11, E12, E13, E14, E15, E16, E17, E18, E19, E20, E21, E22, E23, E24","Turn every relevant anticipated risk, edge case and QA catalogue row into implemented test evidence, justified exclusion or an open owned defect.","All 168 risks, 84 edge cases and 309 QA rows are accounted for; risk records are never relabelled confirmed bugs without reproduction.",planned
E25-O03,E25,Protected Core integration and defect closure,qa-release,P1 gate,"E03, E04, E05, E06, E07, E08, E09, E10, E11, E12, E13, E14, E15, E16, E17, E18, E19, E20, E21, E22, E23, E24","Inject failures at transaction, Worker, file, parser, render, update and recovery boundaries.","No known silent committed-data loss, semantic corruption, wrong-project write, false durability or unrecoverable migration remains.",planned
E25-O04,E25,Protected Core integration and defect closure,qa-release,P1 gate,"E03, E04, E05, E06, E07, E08, E09, E10, E11, E12, E13, E14, E15, E16, E17, E18, E19, E20, E21, E22, E23, E24",Run regression triage and CTO integration review after fixes.,Zero open P0/P1 in the release scope; flaky critical tests fail the gate rather than being quarantined out of sight; final evidence fingerprints the candidate tree and artefacts.,planned
E26-O01,E26,"Name, legal, commercial and policy readiness",product-architecture,P1A + GA,"E01, E02",Complete working-name/domain/store clearance and identify the legal owner; reconcile public repository visibility with proprietary/confidential wording.,Recorded decisions and reviewed licence/terms match actual distribution; automated planning makes no licence or visibility change.,planned
E26-O02,E26,"Name, legal, commercial and policy readiness",product-architecture,P1A + GA,"E01, E02","Review privacy, terms, acceptable use, AI data use, contributor and third-party distribution obligations.",Required expert decisions are resolved for each launch market/channel and policy statements match observed data flows.,planned
E26-O03,E26,"Name, legal, commercial and policy readiness",product-architecture,P1A + GA,"E01, E02","Validate pricing, free/paid boundaries, entitlements, cancellation/refund rules and service economics.",Customer files remain accessible independent of paid service state; cost assumptions and paid feature promises are explicit.,planned
E26-O04,E26,"Name, legal, commercial and policy readiness",product-architecture,P1A + GA,"E01, E02","Assign support, retention, backup, abuse and incident owners with budget and operating capacity.","Alpha has necessary consent/support controls; GA has complete applicable policy and commercial decisions, without claiming legal compliance from this plan.",planned
E27-O01,E27,"Public website, onboarding and product education",ui-visual,P1 + public W0-W6,"E02, E10",Reconcile draft #495 with both branches and existing local marketing changes; validate its PUB-001 slice before page-family rollout.,"Screenshots, responsive/zoom, route, build and governed-claim checks pass at the intended marketing revision.",planned
E27-O02,E27,"Public website, onboarding and product education",ui-visual,P1 + public W0-W6,"E02, E10",Complete the 17 public routes and relevant auth/app page states with truthful stage-specific claims.,"Every CTA leads to an available try/download/help path; decorative examples cannot be mistaken for saved, synchronised or generated production results.",planned
E27-O03,E27,"Public website, onboarding and product education",ui-visual,P1 + public W0-W6,"E02, E10","Create guided first project, sample files, keyboard/tool help, recovery education and migration/release notes.",Instructions are verified against the shipped UI and users can independently reopen a downloaded project.,planned
E27-O04,E27,"Public website, onboarding and product education",ui-visual,P1 + public W0-W6,"E02, E10","Validate domains/TLS, redirects, sitemap/robots, metadata, social cards, accessibility, contact/status paths and analytics consent.","Broken links, stale build claims and misleading availability text block the relevant launch; SEO never advertises unsupported features.",planned
E28-O01,E28,"Distribution contract, web install and update pipeline",delivery-reliability,P1 + GA,"E02, E07, E09, E26","Decide the initial supported download/install channels: browser, installable web app, native iPad and/or desktop packages.",The release manifest distinguishes app installation from .arq project download; required native channels have explicit launch dependencies E44/E45.,planned
E28-O02,E28,"Distribution contract, web install and update pipeline",delivery-reliability,P1 + GA,"E02, E07, E09, E26","Build reproducible web artefacts and evaluate installable PWA behaviour, manifest/icons/offline cache and file associations.","If PWA is selected, clean install, offline reopen, update and uninstall pass on each claimed platform; if not, marketing says browser access plainly.",planned
E28-O03,E28,"Distribution contract, web install and update pipeline",delivery-reliability,P1 + GA,"E02, E07, E09, E26","Bind deploys, Worker/WASM assets, cache headers, source maps and provenance to one candidate.",Mixed old/new assets and update-during-edit cannot corrupt work; failed update preserves the compatible previous app and project copy.,planned
E28-O04,E28,"Distribution contract, web install and update pipeline",delivery-reliability,P1 + GA,"E02, E07, E09, E26","Activate Engineering OS required gates separately from branch migration; verify environment reviewers, preview access, deployment quotas and rollback.","A deliberately bad candidate is rejected, an approved candidate deploys, routes verify the expected SHA and rollback respects schema compatibility.",planned
E29-O01,E29,Controlled architect alpha,qa-release,P1A,"E25, E26",Recruit the approved architect cohort and use real task-driven projects under the alpha support envelope.,"Existing research targets are completed or explicitly reconciled; participants know storage, limitations and recovery before using valuable work.",planned
E29-O02,E29,Controlled architect alpha,qa-release,P1A,"E25, E26","Observe independent authoring, edits, paper output, portable copy and interruption recovery.","Task success, time, assistance, trust comprehension and severity are recorded; polished demos cannot substitute for sessions.",planned
E29-O03,E29,Controlled architect alpha,qa-release,P1A,"E25, E26",Fix P0/P1 and repeated usability failures through bounded existing owner issues.,"Reproduction, regression fixture and retest link each finding to the integrated candidate; alpha does not expand scope to avoid finishing Core.",planned
E29-O04,E29,Controlled architect alpha,qa-release,P1A,"E25, E26",Review findings and accept or reject the Core baseline.,"Owner acceptance, CTO reconciliation and rerun protected workflow precede P2 expansion; missing human evidence remains a visible blocker.",planned
E30-O01,E30,Public beta and release-candidate campaign,qa-release,GA runway,"E29, E27, E28",Expand gradually to the declared OS/browser/project-size envelope with clear beta labelling and support capacity.,"Cohort admission is reversible, real projects can export out and all feedback has triage ownership.",planned
E30-O02,E30,Public beta and release-candidate campaign,qa-release,GA runway,"E29, E27, E28","Run longitudinal crash, recovery, export and upgrade tests plus accessibility/usability retests.",Approved reliability denominators and confidence windows are met; low volume is reported rather than interpreted as perfect reliability.,planned
E30-O03,E30,Public beta and release-candidate campaign,qa-release,GA runway,"E29, E27, E28","Freeze a candidate and audit all user-visible commands, documentation claims, legal text and known issues.",No required feature is a placeholder; every enabled command has happy/error/recovery evidence on the frozen build.,planned
E30-O04,E30,Public beta and release-candidate campaign,qa-release,GA runway,"E29, E27, E28","Rehearse release, service outage, credential rotation and data-compatible rollback.",Incident owners can execute the runbook and retain users' latest compatible work; critical failures reset the candidate gate.,planned
E31-O01,E31,Stable Core launch and public availability,delivery-reliability,GA Core,E30,"Publish versioned stable artefacts, release notes, support matrix and checksums/provenance for the approved channel.",Public try/download/install links resolve to the verified version from a clean non-developer environment.,planned
E31-O02,E31,Stable Core launch and public availability,delivery-reliability,GA Core,E30,"Verify install/first-run, sample/new/open, offline use, export, update and recovery from the public distribution path.","Website SHA, artefact hashes and actual runtime version agree; no developer-only dependency is required.",planned
E31-O03,E31,Stable Core launch and public availability,delivery-reliability,GA Core,E30,Roll out in monitored cohorts with explicit stop/rollback triggers.,Crash/error/support metrics stay within the accepted budget; a P0/P1 or confirmed data-integrity incident stops rollout immediately.,planned
E31-O04,E31,Stable Core launch and public availability,delivery-reliability,GA Core,E30,Record the Core GA decision and ongoing ownership.,Core availability is distinct from completion of the mature P0-P10 vision; later features remain visibly staged until their own gates pass.,planned
E32-O01,E32,Stable operations and reliability growth,incident-commander,Continuous,E31,"Operate triage, patch releases, compatibility checks and support service with user-impact priorities.","Each critical defect has a reproduction, owner, response clock and verified customer-facing resolution.",planned
E32-O02,E32,Stable operations and reliability growth,incident-commander,Continuous,E31,"Review reliability/error budgets, regressions, support causes and adoption cohorts at agreed intervals.",New feature rollout pauses when critical stability targets regress; the denominator and observation period are visible.,planned
E32-O03,E32,Stable operations and reliability growth,incident-commander,Continuous,E31,"Maintain dependency/security updates, backup restore drills and platform end-of-support policy.",Supported releases receive fixes; users get compatible migration/export routes before a channel is retired.,planned
E32-O04,E32,Stable operations and reliability growth,incident-commander,Continuous,E31,Refresh roadmap from measured architect outcomes and postmortems.,New work maps to evidence and existing scope owners; roadmap maintenance never reclassifies an unverified capability as shipped.,planned
E33-O01,E33,"Cloud identity, tenancy and commercial services",security,P2 enabling,"E29, E09, E26","Implement the API beyond its current stub with authentication/session recovery, account settings and tenant/project permissions.","Cross-tenant object access, revocation, expired tokens and anonymous routes fail closed; offline local authoring remains useful.",planned
E33-O02,E33,"Cloud identity, tenancy and commercial services",security,P2 enabling,"E29, E09, E26","Build object storage, semantic snapshot upload, jobs, rate limits, idempotency and regional/retention controls.","Resumable transfer, retry, deletion and restore tests preserve identity and prevent duplicates or leaked project data.",planned
E33-O03,E33,"Cloud identity, tenancy and commercial services",security,P2 enabling,"E29, E09, E26",Add hosted billing/entitlements only if paid cloud is selected.,"Signed idempotent webhooks, cancellation, grace periods, refunds and quota boundaries cannot trap local project files.",planned
E33-O04,E33,"Cloud identity, tenancy and commercial services",security,P2 enabling,"E29, E09, E26","Qualify backups, disaster recovery, load, abuse/cost controls and on-call ownership.",Restore drills meet approved RPO/RTO; capacity and service-cost measurements precede promises or public SLAs.,planned
E34-O01,E34,Universal fidelity and bounded exchange,interoperability,P2,"E29, E09, E03","Use one staged import/export fidelity report for preserved, approximated, flattened, omitted and opaque-preserved content.","Source file, version, unit/origin transform and losses are inspectable before canonical commit.",planned
E34-O02,E34,Universal fidelity and bounded exchange,interoperability,P2,"E29, E09, E03","Ship the declared DXF linework import/export subset with layer/style, units and coordinate reconciliation.",Representative external corpus files compare with independent readers; unsupported entities never disappear without a report.,planned
E34-O03,E34,Universal fidelity and bounded exchange,interoperability,P2,"E29, E09, E03","Wire IFC viewing, property inspection and bounded coordination over existing adapters.",Large/corrupt/mixed-unit models respect resource limits; IFC viewing is not marketed as full IFC authoring.,planned
E34-O04,E34,Universal fidelity and bounded exchange,interoperability,P2,"E29, E09, E03",Test cancel/retry/memory pressure and all export deliveries from current revision.,Failed import cannot replace the open model; failed download cannot report success; reversible staging and provenance survive supported workflows.,planned
E35-O01,E35,Revision-bound sharing and review,security,P2,"E33, E34","Implement review snapshots/share links with scope, expiry, revocation and viewer permissions.","Server-side enforcement prevents stale links, previews and cache paths from exposing revoked projects.",planned
E35-O02,E35,Revision-bound sharing and review,security,P2,"E33, E34",Anchor comments/issues to explicit project revision and stable semantic references.,Deleted/changed objects and inaccessible snapshots have honest stale/missing states rather than silently moving anchors.,planned
E35-O03,E35,Revision-bound sharing and review,security,P2,"E33, E34",Provide semantic revision comparison and review resolution with accessible navigation.,Differences represent supported model/document changes and distinguish missing data from unchanged data.,planned
E35-O04,E35,Revision-bound sharing and review,security,P2,"E33, E34","Prove offline reconnect, duplicated events, account removal and restore.",Review cannot silently become concurrent authoring; local copies and cloud shared snapshots have clear ownership and durability states.,planned
E36-O01,E36,"Read-only Agent, proposals and Review Centre",ai-arqscript,P3,"E35, E05","Wire the existing governed MCP host to explicit project/revision context, scoped grants, expiry and revocation.","Read-only explain/query is product-reachable without granting hidden file paths, database queries or mutation tools.",planned
E36-O02,E36,"Read-only Agent, proposals and Review Centre",ai-arqscript,P3,"E35, E05","Build proposal objects with intent, assumptions, affected IDs, validation, source provenance, cost and predicted document impact.",Ambiguous requests ask for bounded inputs or produce a clearly marked proposal; uncertainty is not invented geometry.,planned
E36-O03,E36,"Read-only Agent, proposals and Review Centre",ai-arqscript,P3,"E35, E05",Integrate Review Centre diff and Plan/3D/document highlights with usable keyboard and screen-reader navigation.,The user can inspect what will change before approval and identify the exact revision being reviewed.,planned
E36-O04,E36,"Read-only Agent, proposals and Review Centre",ai-arqscript,P3,"E35, E05","Handle streaming, cancel, timeout, interrupted provider runs and grant loss.","Failures preserve the model, partial output cannot look committed, and private project data stays inside the approved data policy.",planned
E37-O01,E37,"Approved Agent actions, Skills and adversarial evaluation",ai-arqscript,P3 gate,E36,Apply approved proposals through the canonical validation/operation/persistence path with revision checks and grouped undo.,"Stale, unauthorised or partially invalid plans fail closed; applied changes publish/reopen and undo as a coherent operation group.",planned
E37-O02,E37,"Approved Agent actions, Skills and adversarial evaluation",ai-arqscript,P3 gate,E36,"Version reusable Skills with capability requirements, input schema, review level and provenance.",Revoked/incompatible Skills are refused; execution remains auditable and no arbitrary script bypasses typed operations.,planned
E37-O03,E37,"Approved Agent actions, Skills and adversarial evaluation",ai-arqscript,P3 gate,E36,"Build task, regression and red-team evaluations for ambiguous intent, prompt injection, destructive scope and cost exhaustion.","Acceptance measures task success, invalid-action refusal, semantic fidelity and reversibility, not just fluent responses.",planned
E37-O04,E37,"Approved Agent actions, Skills and adversarial evaluation",ai-arqscript,P3 gate,E36,Run real supported client sessions and integrate support/kill switches.,"An external AI client can complete an approved bounded architectural change under the same grant, review and recovery contract as the native UI.",planned
E38-O01,E38,ARQ Connect and first external host,ai-arqscript,P4,E37,"Define Host Adapter SDK with document identity/revision, context, capabilities, typed tools, transactions, undo and result verification.",The host file remains authoritative; generic screen automation cannot claim semantic CAD control.,planned
E38-O02,E38,ARQ Connect and first external host,ai-arqscript,P4,E37,"Run a host bake-off across requested candidate ecosystems using current APIs, licences and user workflows.",Connector 0 is selected from evidence and distribution/support feasibility; no Revit/Rhino/SketchUp/AutoCAD/Blender/Archicad parity promise by assumption.,planned
E38-O03,E38,ARQ Connect and first external host,ai-arqscript,P4,E37,Implement one useful read and reviewed reversible write workflow with host-native undo.,"Wrong-document, stale-document, permission denial, crash and mid-command document switch fail safely.",planned
E38-O04,E38,ARQ Connect and first external host,ai-arqscript,P4,E37,"Package installer/update/uninstall, host-version compatibility, diagnostics and connector conformance tests.","A clean supported machine can install, perform the protected action, roll back and remove the connector without damaging host documents.",planned
E39-O01,E39,Advanced documentation and controlled professional exchange,interoperability,R3 / P10 subset,"E37, E20, E34",Add door/window/room schedules with stable properties and live revision binding.,"Rows reconcile with canonical entities and units; edits, deletes and type changes invalidate schedules predictably.",planned
E39-O02,E39,Advanced documentation and controlled professional exchange,interoperability,R3 / P10 subset,"E37, E20, E34","Qualify bounded sections/elevations with cuts, visibility and annotation rules.",Independent reference drawings verify geometry and dimension consistency; unsupported constructions are reported.,planned
E39-O03,E39,Advanced documentation and controlled professional exchange,interoperability,R3 / P10 subset,"E37, E20, E34","Implement a controlled IFC export subset, classification mappings and loss reports.",External-tool validation and representative round trips show the supported boundary without promising full BIM authoring fidelity.,planned
E39-O04,E39,Advanced documentation and controlled professional exchange,interoperability,R3 / P10 subset,"E37, E20, E34","Expand sheet sets, revision tables, document issue/publish and printing only through accepted scope decisions.",Issued output has immutable revision provenance and reissued documents cannot silently reuse stale render caches.,planned
E40-O01,E40,Visualise and Present,rendering-performance,P5,"E37, E18","Create saved camera/view and output provenance for materials, lighting, environment and presentation.","Each result records project revision, camera and settings and becomes stale when the relevant model changes.",planned
E40-O02,E40,Visualise and Present,rendering-performance,P5,"E37, E18",Separate strict-geometry visualisation from creative imagery in UI and data.,Geometry-preserving modes pass measured fidelity tests; creative results never become authoritative geometry.,planned
E40-O03,E40,Visualise and Present,rendering-performance,P5,"E37, E18","Implement provider/renderer cancellation, privacy, budget limits and failure recovery.",A failed or expensive run cannot mutate the project or leave unexplained charges/cost consumption.,planned
E40-O04,E40,Visualise and Present,rendering-performance,P5,"E37, E18",Deliver presentation boards/walkthroughs with export and accessibility requirements.,Outputs are supportable and reproducible enough to diagnose; user studies demonstrate value beyond attractive demo images.,planned
E41-O01,E41,"Firm standards, libraries and precedent knowledge",product-architecture,P6,"E35, E37","Create versioned templates, types/material libraries and firm standards with explicit apply/update operations.",Library changes preview impact and preserve local overrides under a documented policy.,planned
E41-O02,E41,"Firm standards, libraries and precedent knowledge",product-architecture,P6,"E35, E37","Add explainable rule graphs with source/version, applicability and evidence.",Pass/warn/fail is traceable and does not imply professional approval or universal code compliance.,planned
E41-O03,E41,"Firm standards, libraries and precedent knowledge",product-architecture,P6,"E35, E37",Build permission-aware precedent search and project knowledge with source revision citations.,"Cross-firm/project information cannot leak through embeddings, caches, search snippets or Agent context.",planned
E41-O04,E41,"Firm standards, libraries and precedent knowledge",product-architecture,P6,"E35, E37",Govern firm Skills with publish/revoke/version lifecycle and offline behaviour.,Revocation and incompatibility are explicit; users retain local project ownership when firm services are unavailable.,planned
E42-O01,E42,"Site, programme, analysis and generative alternatives",geometry-bim,P7,"E41, E03","Represent site/lot, orientation, levels, programme and constraints as typed sourced inputs.","Coordinate systems, units, provenance, applicability and missing inputs are visible before any analysis or generation.",planned
E42-O02,E42,"Site, programme, analysis and generative alternatives",geometry-bim,P7,"E41, E03",Implement bounded layout/furnishing alternatives with deterministic validation and editable semantic output.,"Alternatives state assumptions, score constraint satisfaction and never bypass the canonical operation/review path.",planned
E42-O03,E42,"Site, programme, analysis and generative alternatives",geometry-bim,P7,"E41, E03","Qualify area/quantity/cost and environmental metrics with reference datasets, location/date/rate assumptions and uncertainty.",Quantities reconcile with the model; heuristic cost or simulation output is not presented as a certified estimate.,planned
E42-O04,E42,"Site, programme, analysis and generative alternatives",geometry-bim,P7,"E41, E03",Add jurisdiction/version-specific checks only with qualified domain review.,"Rules record edition, building/use category, exclusions and overrides; English room names or hard-coded thresholds cannot establish compliance.",planned
E43-O01,E43,Concurrent collaboration and revision intelligence,arqfs-recovery,P8,"E35, E37","Define concurrent semantic edit model, authority and conflict classes before enabling shared mutation.","Transport uses versioned operations/snapshots, never raw SQLite pages, and preserves local recovery.",planned
E43-O02,E43,Concurrent collaboration and revision intelligence,arqfs-recovery,P8,"E35, E37","Implement offline queues, ordering, deduplication, retry, safe rebase and permission revalidation.",Partitions and out-of-order events converge for the declared subset or surface explicit conflicts without lost intent.,planned
E43-O03,E43,Concurrent collaboration and revision intelligence,arqfs-recovery,P8,"E35, E37","Provide presence, ownership/conflict resolution, design options and revision history where validated.",Presence is not mistaken for durability; conflict UI shows alternatives and consequences and supports reversible resolution.,planned
E43-O04,E43,Concurrent collaboration and revision intelligence,arqfs-recovery,P8,"E35, E37",Run multi-client chaos/load/restore and mixed-version compatibility campaigns.,"Revoked writers, stale clients, server loss and concurrent host deletion never create silent corruption or cross-tenant exposure.",planned
E44-O01,E44,"Native iPad, Files and spatial capture",arqfs-recovery,P9,"E29, E22, E28",Select native architecture with shared-core/FFI and document identity contracts based on measured platform need.,No native-only storage authority makes supported web/native .arq exchange lossy or unreadable.,planned
E44-O02,E44,"Native iPad, Files and spatial capture",arqfs-recovery,P9,"E29, E22, E28","Implement Files/open-in/share/export, background/foreground, offline editing and interrupted-write recovery.","Real hardware retains portable data under app termination, storage pressure, picker cancellation and OS update.",planned
E44-O03,E44,"Native iPad, Files and spatial capture",arqfs-recovery,P9,"E29, E22, E28",Add supported Pencil hover/double tap/squeeze/haptic behaviours and keyboard/trackpad/VoiceOver parity.,Exact hardware/OS combinations pass physical tests and unsupported combinations degrade gracefully.,planned
E44-O04,E44,"Native iPad, Files and spatial capture",arqfs-recovery,P9,"E29, E22, E28","Prototype RoomPlan/LiDAR capture with calibration/accuracy and correction UX, then qualify App Store/TestFlight distribution.","Capture states measurement limitations; install/update/uninstall, privacy/permission disclosures and store review obligations are satisfied before public availability.",planned
E45-O01,E45,Desktop downloads and native update lifecycle,delivery-reliability,Distribution extension,"E31, E28, E09",Decide whether macOS/Windows and optionally Linux native shells materially improve file/workflow reliability over the browser.,"A documented ADR selects platform/toolkit/support versions; this is a proposed extension, not an existing desktop implementation claim.",planned
E45-O02,E45,Desktop downloads and native update lifecycle,delivery-reliability,Distribution extension,"E31, E28, E09","Build signed/notarised or platform-appropriate packages, file associations, single-instance document opening and native save dialogs.",Clean machines install and launch without developer tools; source files and shared-core invariants remain protected.,planned
E45-O03,E45,Desktop downloads and native update lifecycle,delivery-reliability,Distribution extension,"E31, E28, E09","Deliver authenticated update metadata, staged rollout, compatible downgrade/rollback and offline update failure handling.",Tampered/interrupted updates refuse safely and never migrate the only good project copy irreversibly.,planned
E45-O04,E45,Desktop downloads and native update lifecycle,delivery-reliability,Distribution extension,"E31, E28, E09","Test install/update/repair/uninstall, entitlements, antivirus/Gatekeeper behaviour, paths/Unicode and enterprise restrictions.","Public download links, checksums, support matrix and release notes match the tested binary; uninstall clearly distinguishes app removal from user data deletion.",planned
E46-O01,E46,Advanced architecture and specialist ecosystem,product-architecture,P10,"E38, E39, E40, E41, E42, E43","Prioritise curved walls, slabs, stairs/railings, roofs, families, renovation/design options and richer modelling from real unmet demand.",Each selected capability gets an ADR/semantic contract and a separate fixture/evidence campaign; speculative catalogue rows remain gated.,planned
E46-O02,E46,Advanced architecture and specialist ecosystem,product-architecture,P10,"E38, E39, E40, E41, E42, E43","Evaluate BCF, IDS/bSDD, glTF/GLB, STEP, DWG/RVT and structural/MEP interfaces according to actual use and licences.",Exact supported directions/subsets and losses are published; no blanket incumbent compatibility or professional safety claim.,planned
E46-O03,E46,Advanced architecture and specialist ecosystem,product-architecture,P10,"E38, E39, E40, E41, E42, E43","Create a versioned extension SDK with sandboxing, permissions, signing, compatibility discovery and safe-open quarantine.",At least one third-party-style extension works without privileged core access and a malicious/broken extension cannot compromise projects.,planned
E46-O04,E46,Advanced architecture and specialist ecosystem,product-architecture,P10,"E38, E39, E40, E41, E42, E43",Establish marketplace/moderation/licensing/support policies before external extension distribution.,"Abuse, revocation, compromised packages, abandoned extensions and migration ownership have rehearsed procedures.",planned
E47-O01,E47,"Mature-product acceptance, evolution and retirement",qa-release,P10 exit + lifecycle,"E32, E38, E39, E40, E41, E42, E43, E44, E45, E46","Reconcile the accepted mature scope against every feature, issue, branch, risk, decision and distribution promise.",#367 closes only when required P10 outcomes pass or an explicit owner-approved successor records every deferred obligation.,planned
E47-O02,E47,"Mature-product acceptance, evolution and retirement",qa-release,P10 exit + lifecycle,"E32, E38, E39, E40, E41, E42, E43, E44, E45, E46","Run representative end-to-end journeys spanning manual authoring, documents, exchange, Agent, connectors, collaboration and native channels.","No enabled surface bypasses identity, validation, durability, accessibility, privacy or support contracts.",planned
E47-O03,E47,"Mature-product acceptance, evolution and retirement",qa-release,P10 exit + lifecycle,"E32, E38, E39, E40, E41, E42, E43, E44, E45, E46","Define long-term format compatibility, old-version readers/exporters, security support and upgrade communication.",Users can retain and open their own data through supported transitions; migration/rollback is demonstrated with historical fixtures.,planned
E47-O04,E47,"Mature-product acceptance, evolution and retirement",qa-release,P10 exit + lifecycle,"E32, E38, E39, E40, E41, E42, E43, E44, E45, E46","Plan feature/service retirement, account closure, connector removal and final data export.","Notice, retention/deletion, backup expiry and offline archive access follow approved policies; product shutdown does not strand user projects.",planned
