id,category,title,classification,severity,prevention,test,releaseGate
BUG-RISK-001,Selection,Hidden object receives pointer hit,"anticipated risk, not confirmed defect",high,"Enforce the relevant architecture contract, safe failure and explicit validation.",Create a deterministic regression test for: Hidden object receives pointer hit.,Blocks M1 Editor kernel - must be resolved or explicitly deferred with a written exception before that milestone ships.
BUG-RISK-002,Selection,Inspector displays a different element than the canvas highlight,"anticipated risk, not confirmed defect",high,"Enforce the relevant architecture contract, safe failure and explicit validation.",Create a deterministic regression test for: Inspector displays a different element than the canvas highlight.,Blocks M1 Editor kernel - must be resolved or explicitly deferred with a written exception before that milestone ships.
BUG-RISK-003,Selection,Candidate cycling order changes without pointer movement,"anticipated risk, not confirmed defect",high,"Enforce the relevant architecture contract, safe failure and explicit validation.",Create a deterministic regression test for: Candidate cycling order changes without pointer movement.,Blocks M1 Editor kernel - must be resolved or explicitly deferred with a written exception before that milestone ships.
BUG-RISK-004,Selection,Selection is lost while editing a property,"anticipated risk, not confirmed defect",high,"Enforce the relevant architecture contract, safe failure and explicit validation.",Create a deterministic regression test for: Selection is lost while editing a property.,Blocks M1 Editor kernel - must be resolved or explicitly deferred with a written exception before that milestone ships.
BUG-RISK-005,Selection,Deleted object remains selected,"anticipated risk, not confirmed defect",high,"Enforce the relevant architecture contract, safe failure and explicit validation.",Create a deterministic regression test for: Deleted object remains selected.,Blocks M1 Editor kernel - must be resolved or explicitly deferred with a written exception before that milestone ships.
BUG-RISK-006,Selection,Tiny object cannot be selected at normal zoom,"anticipated risk, not confirmed defect",high,"Enforce the relevant architecture contract, safe failure and explicit validation.",Create a deterministic regression test for: Tiny object cannot be selected at normal zoom.,Blocks M1 Editor kernel - must be resolved or explicitly deferred with a written exception before that milestone ships.
BUG-RISK-007,Selection,Window selection includes an object outside the boundary,"anticipated risk, not confirmed defect",high,"Enforce the relevant architecture contract, safe failure and explicit validation.",Create a deterministic regression test for: Window selection includes an object outside the boundary.,Blocks M1 Editor kernel - must be resolved or explicitly deferred with a written exception before that milestone ships.
BUG-RISK-008,Selection,Crossing selection behaves like window selection,"anticipated risk, not confirmed defect",high,"Enforce the relevant architecture contract, safe failure and explicit validation.",Create a deterministic regression test for: Crossing selection behaves like window selection.,Blocks M1 Editor kernel - must be resolved or explicitly deferred with a written exception before that milestone ships.
BUG-RISK-009,Snapping,Snap jitters between equal candidates,"anticipated risk, not confirmed defect",high,"Enforce the relevant architecture contract, safe failure and explicit validation.",Create a deterministic regression test for: Snap jitters between equal candidates.,Blocks M1 Editor kernel - must be resolved or explicitly deferred with a written exception before that milestone ships.
BUG-RISK-010,Snapping,Snap uses stale derived geometry,"anticipated risk, not confirmed defect",high,"Enforce the relevant architecture contract, safe failure and explicit validation.",Create a deterministic regression test for: Snap uses stale derived geometry.,Blocks M1 Editor kernel - must be resolved or explicitly deferred with a written exception before that milestone ships.
BUG-RISK-011,Snapping,Snap tolerance changes incorrectly with zoom,"anticipated risk, not confirmed defect",high,"Enforce the relevant architecture contract, safe failure and explicit validation.",Create a deterministic regression test for: Snap tolerance changes incorrectly with zoom.,Blocks M1 Editor kernel - must be resolved or explicitly deferred with a written exception before that milestone ships.
BUG-RISK-012,Snapping,Perpendicular snap appears on an invalid extension,"anticipated risk, not confirmed defect",high,"Enforce the relevant architecture contract, safe failure and explicit validation.",Create a deterministic regression test for: Perpendicular snap appears on an invalid extension.,Blocks M1 Editor kernel - must be resolved or explicitly deferred with a written exception before that milestone ships.
BUG-RISK-013,Snapping,Endpoint snap selects a hidden element,"anticipated risk, not confirmed defect",high,"Enforce the relevant architecture contract, safe failure and explicit validation.",Create a deterministic regression test for: Endpoint snap selects a hidden element.,Blocks M1 Editor kernel - must be resolved or explicitly deferred with a written exception before that milestone ships.
BUG-RISK-014,Snapping,Pencil hover preview differs from contact result,"anticipated risk, not confirmed defect",high,"Enforce the relevant architecture contract, safe failure and explicit validation.",Create a deterministic regression test for: Pencil hover preview differs from contact result.,Blocks M1 Editor kernel - must be resolved or explicitly deferred with a written exception before that milestone ships.
BUG-RISK-015,Snapping,Grid snap overrides a closer endpoint,"anticipated risk, not confirmed defect",high,"Enforce the relevant architecture contract, safe failure and explicit validation.",Create a deterministic regression test for: Grid snap overrides a closer endpoint.,Blocks M1 Editor kernel - must be resolved or explicitly deferred with a written exception before that milestone ships.
BUG-RISK-016,Snapping,Temporary snap override remains active,"anticipated risk, not confirmed defect",high,"Enforce the relevant architecture contract, safe failure and explicit validation.",Create a deterministic regression test for: Temporary snap override remains active.,Blocks M1 Editor kernel - must be resolved or explicitly deferred with a written exception before that milestone ships.
BUG-RISK-017,Numeric input,Rounded display value is stored as authoritative,"anticipated risk, not confirmed defect",high,"Enforce the relevant architecture contract, safe failure and explicit validation.",Create a deterministic regression test for: Rounded display value is stored as authoritative.,Blocks M1 Editor kernel - must be resolved or explicitly deferred with a written exception before that milestone ships.
BUG-RISK-018,Numeric input,Imperial fraction parses incorrectly,"anticipated risk, not confirmed defect",high,"Enforce the relevant architecture contract, safe failure and explicit validation.",Create a deterministic regression test for: Imperial fraction parses incorrectly.,Blocks M1 Editor kernel - must be resolved or explicitly deferred with a written exception before that milestone ships.
BUG-RISK-019,Numeric input,Locale comma is interpreted as coordinate separator,"anticipated risk, not confirmed defect",high,"Enforce the relevant architecture contract, safe failure and explicit validation.",Create a deterministic regression test for: Locale comma is interpreted as coordinate separator.,Blocks M1 Editor kernel - must be resolved or explicitly deferred with a written exception before that milestone ships.
BUG-RISK-020,Numeric input,Negative length commits where prohibited,"anticipated risk, not confirmed defect",high,"Enforce the relevant architecture contract, safe failure and explicit validation.",Create a deterministic regression test for: Negative length commits where prohibited.,Blocks M1 Editor kernel - must be resolved or explicitly deferred with a written exception before that milestone ships.
BUG-RISK-021,Numeric input,Unit suffix changes value unexpectedly,"anticipated risk, not confirmed defect",high,"Enforce the relevant architecture contract, safe failure and explicit validation.",Create a deterministic regression test for: Unit suffix changes value unexpectedly.,Blocks M1 Editor kernel - must be resolved or explicitly deferred with a written exception before that milestone ships.
BUG-RISK-022,Numeric input,Tab leaves the command instead of moving fields,"anticipated risk, not confirmed defect",high,"Enforce the relevant architecture contract, safe failure and explicit validation.",Create a deterministic regression test for: Tab leaves the command instead of moving fields.,Blocks M1 Editor kernel - must be resolved or explicitly deferred with a written exception before that milestone ships.
BUG-RISK-023,Numeric input,Numeric overlay covers the cursor,"anticipated risk, not confirmed defect",high,"Enforce the relevant architecture contract, safe failure and explicit validation.",Create a deterministic regression test for: Numeric overlay covers the cursor.,Blocks M1 Editor kernel - must be resolved or explicitly deferred with a written exception before that milestone ships.
BUG-RISK-024,Numeric input,Invalid number clears the previous valid preview,"anticipated risk, not confirmed defect",high,"Enforce the relevant architecture contract, safe failure and explicit validation.",Create a deterministic regression test for: Invalid number clears the previous valid preview.,Blocks M1 Editor kernel - must be resolved or explicitly deferred with a written exception before that milestone ships.
BUG-RISK-025,Walls and joins,Reversing endpoints flips interior and exterior unexpectedly,"anticipated risk, not confirmed defect",high,"Enforce the relevant architecture contract, safe failure and explicit validation.",Create a deterministic regression test for: Reversing endpoints flips interior and exterior unexpectedly.,Blocks M2 Architectural vertical slice - must be resolved or explicitly deferred with a written exception before that milestone ships.
BUG-RISK-026,Walls and joins,Mitre join creates a sliver,"anticipated risk, not confirmed defect",high,"Enforce the relevant architecture contract, safe failure and explicit validation.",Create a deterministic regression test for: Mitre join creates a sliver.,Blocks M2 Architectural vertical slice - must be resolved or explicitly deferred with a written exception before that milestone ships.
BUG-RISK-027,Walls and joins,T junction disconnects after reopen,"anticipated risk, not confirmed defect",high,"Enforce the relevant architecture contract, safe failure and explicit validation.",Create a deterministic regression test for: T junction disconnects after reopen.,Blocks M2 Architectural vertical slice - must be resolved or explicitly deferred with a written exception before that milestone ships.
BUG-RISK-028,Walls and joins,Collinear walls overlap instead of merge warning,"anticipated risk, not confirmed defect",high,"Enforce the relevant architecture contract, safe failure and explicit validation.",Create a deterministic regression test for: Collinear walls overlap instead of merge warning.,Blocks M2 Architectural vertical slice - must be resolved or explicitly deferred with a written exception before that milestone ships.
BUG-RISK-029,Walls and joins,Join changes after wall thickness edit,"anticipated risk, not confirmed defect",high,"Enforce the relevant architecture contract, safe failure and explicit validation.",Create a deterministic regression test for: Join changes after wall thickness edit.,Blocks M2 Architectural vertical slice - must be resolved or explicitly deferred with a written exception before that milestone ships.
BUG-RISK-030,Walls and joins,Wall below minimum length commits,"anticipated risk, not confirmed defect",high,"Enforce the relevant architecture contract, safe failure and explicit validation.",Create a deterministic regression test for: Wall below minimum length commits.,Blocks M2 Architectural vertical slice - must be resolved or explicitly deferred with a written exception before that milestone ships.
BUG-RISK-031,Walls and joins,Wall move detaches room boundary,"anticipated risk, not confirmed defect",high,"Enforce the relevant architecture contract, safe failure and explicit validation.",Create a deterministic regression test for: Wall move detaches room boundary.,Blocks M2 Architectural vertical slice - must be resolved or explicitly deferred with a written exception before that milestone ships.
BUG-RISK-032,Walls and joins,Wall reference line and 3D mesh disagree,"anticipated risk, not confirmed defect",high,"Enforce the relevant architecture contract, safe failure and explicit validation.",Create a deterministic regression test for: Wall reference line and 3D mesh disagree.,Blocks M2 Architectural vertical slice - must be resolved or explicitly deferred with a written exception before that milestone ships.
BUG-RISK-033,Openings,Door extends beyond host,"anticipated risk, not confirmed defect",high,"Enforce the relevant architecture contract, safe failure and explicit validation.",Create a deterministic regression test for: Door extends beyond host.,Blocks M2 Architectural vertical slice - must be resolved or explicitly deferred with a written exception before that milestone ships.
BUG-RISK-034,Openings,Overlapping openings commit,"anticipated risk, not confirmed defect",high,"Enforce the relevant architecture contract, safe failure and explicit validation.",Create a deterministic regression test for: Overlapping openings commit.,Blocks M2 Architectural vertical slice - must be resolved or explicitly deferred with a written exception before that milestone ships.
BUG-RISK-035,Openings,Door moves to wrong wall end after endpoint reversal,"anticipated risk, not confirmed defect",high,"Enforce the relevant architecture contract, safe failure and explicit validation.",Create a deterministic regression test for: Door moves to wrong wall end after endpoint reversal.,Blocks M2 Architectural vertical slice - must be resolved or explicitly deferred with a written exception before that milestone ships.
BUG-RISK-036,Openings,Window sill exceeds wall height,"anticipated risk, not confirmed defect",high,"Enforce the relevant architecture contract, safe failure and explicit validation.",Create a deterministic regression test for: Window sill exceeds wall height.,Blocks M2 Architectural vertical slice - must be resolved or explicitly deferred with a written exception before that milestone ships.
BUG-RISK-037,Openings,Host split assigns opening unpredictably,"anticipated risk, not confirmed defect",high,"Enforce the relevant architecture contract, safe failure and explicit validation.",Create a deterministic regression test for: Host split assigns opening unpredictably.,Blocks M2 Architectural vertical slice - must be resolved or explicitly deferred with a written exception before that milestone ships.
BUG-RISK-038,Openings,Deleting host silently deletes openings,"anticipated risk, not confirmed defect",high,"Enforce the relevant architecture contract, safe failure and explicit validation.",Create a deterministic regression test for: Deleting host silently deletes openings.,Blocks M2 Architectural vertical slice - must be resolved or explicitly deferred with a written exception before that milestone ships.
BUG-RISK-039,Openings,Door swing flips after reopen,"anticipated risk, not confirmed defect",high,"Enforce the relevant architecture contract, safe failure and explicit validation.",Create a deterministic regression test for: Door swing flips after reopen.,Blocks M2 Architectural vertical slice - must be resolved or explicitly deferred with a written exception before that milestone ships.
BUG-RISK-040,Openings,Opening void differs between plan and 3D,"anticipated risk, not confirmed defect",high,"Enforce the relevant architecture contract, safe failure and explicit validation.",Create a deterministic regression test for: Opening void differs between plan and 3D.,Blocks M2 Architectural vertical slice - must be resolved or explicitly deferred with a written exception before that milestone ships.
BUG-RISK-041,Rooms,Tiny gap is silently closed,"anticipated risk, not confirmed defect",high,"Enforce the relevant architecture contract, safe failure and explicit validation.",Create a deterministic regression test for: Tiny gap is silently closed.,Blocks M2 Architectural vertical slice - must be resolved or explicitly deferred with a written exception before that milestone ships.
BUG-RISK-042,Rooms,Room area remains stale after wall move,"anticipated risk, not confirmed defect",high,"Enforce the relevant architecture contract, safe failure and explicit validation.",Create a deterministic regression test for: Room area remains stale after wall move.,Blocks M2 Architectural vertical slice - must be resolved or explicitly deferred with a written exception before that milestone ships.
BUG-RISK-043,Rooms,Seed point selects adjacent room,"anticipated risk, not confirmed defect",high,"Enforce the relevant architecture contract, safe failure and explicit validation.",Create a deterministic regression test for: Seed point selects adjacent room.,Blocks M2 Architectural vertical slice - must be resolved or explicitly deferred with a written exception before that milestone ships.
BUG-RISK-044,Rooms,Concave boundary self-intersects,"anticipated risk, not confirmed defect",high,"Enforce the relevant architecture contract, safe failure and explicit validation.",Create a deterministic regression test for: Concave boundary self-intersects.,Blocks M2 Architectural vertical slice - must be resolved or explicitly deferred with a written exception before that milestone ships.
BUG-RISK-045,Rooms,Room identity changes after repair,"anticipated risk, not confirmed defect",high,"Enforce the relevant architecture contract, safe failure and explicit validation.",Create a deterministic regression test for: Room identity changes after repair.,Blocks M2 Architectural vertical slice - must be resolved or explicitly deferred with a written exception before that milestone ships.
BUG-RISK-046,Rooms,Room overlaps another room,"anticipated risk, not confirmed defect",high,"Enforce the relevant architecture contract, safe failure and explicit validation.",Create a deterministic regression test for: Room overlaps another room.,Blocks M2 Architectural vertical slice - must be resolved or explicitly deferred with a written exception before that milestone ships.
BUG-RISK-047,Rooms,Opening unexpectedly breaks room boundary,"anticipated risk, not confirmed defect",high,"Enforce the relevant architecture contract, safe failure and explicit validation.",Create a deterministic regression test for: Opening unexpectedly breaks room boundary.,Blocks M2 Architectural vertical slice - must be resolved or explicitly deferred with a written exception before that milestone ships.
BUG-RISK-048,Rooms,Room label remains after room deletion,"anticipated risk, not confirmed defect",high,"Enforce the relevant architecture contract, safe failure and explicit validation.",Create a deterministic regression test for: Room label remains after room deletion.,Blocks M2 Architectural vertical slice - must be resolved or explicitly deferred with a written exception before that milestone ships.
BUG-RISK-049,Dimensions,Dimension references a disposable mesh edge,"anticipated risk, not confirmed defect",high,"Enforce the relevant architecture contract, safe failure and explicit validation.",Create a deterministic regression test for: Dimension references a disposable mesh edge.,Blocks M3 Documentation - must be resolved or explicitly deferred with a written exception before that milestone ships.
BUG-RISK-050,Dimensions,Detached reference shows old value,"anticipated risk, not confirmed defect",high,"Enforce the relevant architecture contract, safe failure and explicit validation.",Create a deterministic regression test for: Detached reference shows old value.,Blocks M3 Documentation - must be resolved or explicitly deferred with a written exception before that milestone ships.
BUG-RISK-051,Dimensions,Text override changes measured value,"anticipated risk, not confirmed defect",high,"Enforce the relevant architecture contract, safe failure and explicit validation.",Create a deterministic regression test for: Text override changes measured value.,Blocks M3 Documentation - must be resolved or explicitly deferred with a written exception before that milestone ships.
BUG-RISK-052,Dimensions,Witness line moves to wrong face,"anticipated risk, not confirmed defect",high,"Enforce the relevant architecture contract, safe failure and explicit validation.",Create a deterministic regression test for: Witness line moves to wrong face.,Blocks M3 Documentation - must be resolved or explicitly deferred with a written exception before that milestone ships.
BUG-RISK-053,Dimensions,Unit precision differs between canvas and PDF,"anticipated risk, not confirmed defect",high,"Enforce the relevant architecture contract, safe failure and explicit validation.",Create a deterministic regression test for: Unit precision differs between canvas and PDF.,Blocks M3 Documentation - must be resolved or explicitly deferred with a written exception before that milestone ships.
BUG-RISK-054,Dimensions,Dimension is clipped at sheet edge,"anticipated risk, not confirmed defect",high,"Enforce the relevant architecture contract, safe failure and explicit validation.",Create a deterministic regression test for: Dimension is clipped at sheet edge.,Blocks M3 Documentation - must be resolved or explicitly deferred with a written exception before that milestone ships.
BUG-RISK-055,Dimensions,Dimension fails after wall split,"anticipated risk, not confirmed defect",high,"Enforce the relevant architecture contract, safe failure and explicit validation.",Create a deterministic regression test for: Dimension fails after wall split.,Blocks M3 Documentation - must be resolved or explicitly deferred with a written exception before that milestone ships.
BUG-RISK-056,Dimensions,Dimension text overlaps without warning,"anticipated risk, not confirmed defect",high,"Enforce the relevant architecture contract, safe failure and explicit validation.",Create a deterministic regression test for: Dimension text overlaps without warning.,Blocks M3 Documentation - must be resolved or explicitly deferred with a written exception before that milestone ships.
BUG-RISK-057,2D rendering,Line weight changes with zoom,"anticipated risk, not confirmed defect",high,"Enforce the relevant architecture contract, safe failure and explicit validation.",Create a deterministic regression test for: Line weight changes with zoom.,Blocks M2 Architectural vertical slice - must be resolved or explicitly deferred with a written exception before that milestone ships.
BUG-RISK-058,2D rendering,Selection halo obscures geometry,"anticipated risk, not confirmed defect",high,"Enforce the relevant architecture contract, safe failure and explicit validation.",Create a deterministic regression test for: Selection halo obscures geometry.,Blocks M2 Architectural vertical slice - must be resolved or explicitly deferred with a written exception before that milestone ships.
BUG-RISK-059,2D rendering,Text blurs on high-density display,"anticipated risk, not confirmed defect",high,"Enforce the relevant architecture contract, safe failure and explicit validation.",Create a deterministic regression test for: Text blurs on high-density display.,Blocks M2 Architectural vertical slice - must be resolved or explicitly deferred with a written exception before that milestone ships.
BUG-RISK-060,2D rendering,Canvas loses GPU context,"anticipated risk, not confirmed defect",critical,"Enforce the relevant architecture contract, safe failure and explicit validation.",Create a deterministic regression test for: Canvas loses GPU context.,"Hard blocker: fix before ANY release (data loss, security, or accessibility trap), independent of M2 Architectural vertical slice."
BUG-RISK-061,2D rendering,Culling removes visible geometry,"anticipated risk, not confirmed defect",high,"Enforce the relevant architecture contract, safe failure and explicit validation.",Create a deterministic regression test for: Culling removes visible geometry.,Blocks M2 Architectural vertical slice - must be resolved or explicitly deferred with a written exception before that milestone ships.
BUG-RISK-062,2D rendering,Underlay draws above authored geometry,"anticipated risk, not confirmed defect",high,"Enforce the relevant architecture contract, safe failure and explicit validation.",Create a deterministic regression test for: Underlay draws above authored geometry.,Blocks M2 Architectural vertical slice - must be resolved or explicitly deferred with a written exception before that milestone ships.
BUG-RISK-063,2D rendering,Print line style differs from editor,"anticipated risk, not confirmed defect",high,"Enforce the relevant architecture contract, safe failure and explicit validation.",Create a deterministic regression test for: Print line style differs from editor.,Blocks M2 Architectural vertical slice - must be resolved or explicitly deferred with a written exception before that milestone ships.
BUG-RISK-064,2D rendering,Pattern aliasing makes warning invisible,"anticipated risk, not confirmed defect",high,"Enforce the relevant architecture contract, safe failure and explicit validation.",Create a deterministic regression test for: Pattern aliasing makes warning invisible.,Blocks M2 Architectural vertical slice - must be resolved or explicitly deferred with a written exception before that milestone ships.
BUG-RISK-065,3D rendering,Mesh remains after element deletion,"anticipated risk, not confirmed defect",high,"Enforce the relevant architecture contract, safe failure and explicit validation.",Create a deterministic regression test for: Mesh remains after element deletion.,Blocks M2 Architectural vertical slice - must be resolved or explicitly deferred with a written exception before that milestone ships.
BUG-RISK-066,3D rendering,Selection outline uses wrong element ID,"anticipated risk, not confirmed defect",high,"Enforce the relevant architecture contract, safe failure and explicit validation.",Create a deterministic regression test for: Selection outline uses wrong element ID.,Blocks M2 Architectural vertical slice - must be resolved or explicitly deferred with a written exception before that milestone ships.
BUG-RISK-067,3D rendering,Opening mesh has inverted normals,"anticipated risk, not confirmed defect",high,"Enforce the relevant architecture contract, safe failure and explicit validation.",Create a deterministic regression test for: Opening mesh has inverted normals.,Blocks M2 Architectural vertical slice - must be resolved or explicitly deferred with a written exception before that milestone ships.
BUG-RISK-068,3D rendering,Orthographic fit clips model,"anticipated risk, not confirmed defect",high,"Enforce the relevant architecture contract, safe failure and explicit validation.",Create a deterministic regression test for: Orthographic fit clips model.,Blocks M2 Architectural vertical slice - must be resolved or explicitly deferred with a written exception before that milestone ships.
BUG-RISK-069,3D rendering,Low-memory mode does not recover,"anticipated risk, not confirmed defect",high,"Enforce the relevant architecture contract, safe failure and explicit validation.",Create a deterministic regression test for: Low-memory mode does not recover.,Blocks M2 Architectural vertical slice - must be resolved or explicitly deferred with a written exception before that milestone ships.
BUG-RISK-070,3D rendering,Inactive split view consumes full frame budget,"anticipated risk, not confirmed defect",high,"Enforce the relevant architecture contract, safe failure and explicit validation.",Create a deterministic regression test for: Inactive split view consumes full frame budget.,Blocks M2 Architectural vertical slice - must be resolved or explicitly deferred with a written exception before that milestone ships.
BUG-RISK-071,3D rendering,WebGPU and WebGL render materially different geometry,"anticipated risk, not confirmed defect",high,"Enforce the relevant architecture contract, safe failure and explicit validation.",Create a deterministic regression test for: WebGPU and WebGL render materially different geometry.,Blocks M2 Architectural vertical slice - must be resolved or explicitly deferred with a written exception before that milestone ships.
BUG-RISK-072,3D rendering,Context loss discards committed state,"anticipated risk, not confirmed defect",high,"Enforce the relevant architecture contract, safe failure and explicit validation.",Create a deterministic regression test for: Context loss discards committed state.,Blocks M2 Architectural vertical slice - must be resolved or explicitly deferred with a written exception before that milestone ships.
BUG-RISK-073,Storage and recovery,UI reports saved before journal write,"anticipated risk, not confirmed defect",high,"Enforce the relevant architecture contract, safe failure and explicit validation.",Create a deterministic regression test for: UI reports saved before journal write.,Blocks M4 Reliability and beta readiness - must be resolved or explicitly deferred with a written exception before that milestone ships.
BUG-RISK-074,Storage and recovery,Quota failure is presented as network failure,"anticipated risk, not confirmed defect",high,"Enforce the relevant architecture contract, safe failure and explicit validation.",Create a deterministic regression test for: Quota failure is presented as network failure.,Blocks M4 Reliability and beta readiness - must be resolved or explicitly deferred with a written exception before that milestone ships.
BUG-RISK-075,Storage and recovery,Snapshot compaction loses operations,"anticipated risk, not confirmed defect",critical,"Enforce the relevant architecture contract, safe failure and explicit validation.",Create a deterministic regression test for: Snapshot compaction loses operations.,"Hard blocker: fix before ANY release (data loss, security, or accessibility trap), independent of M4 Reliability and beta readiness."
BUG-RISK-076,Storage and recovery,Two tabs corrupt local journal,"anticipated risk, not confirmed defect",critical,"Enforce the relevant architecture contract, safe failure and explicit validation.",Create a deterministic regression test for: Two tabs corrupt local journal.,"Hard blocker: fix before ANY release (data loss, security, or accessibility trap), independent of M4 Reliability and beta readiness."
BUG-RISK-077,Storage and recovery,Recovery replays an incomplete preview,"anticipated risk, not confirmed defect",high,"Enforce the relevant architecture contract, safe failure and explicit validation.",Create a deterministic regression test for: Recovery replays an incomplete preview.,Blocks M4 Reliability and beta readiness - must be resolved or explicitly deferred with a written exception before that milestone ships.
BUG-RISK-078,Storage and recovery,Corrupt cache prevents project opening,"anticipated risk, not confirmed defect",critical,"Enforce the relevant architecture contract, safe failure and explicit validation.",Create a deterministic regression test for: Corrupt cache prevents project opening.,"Hard blocker: fix before ANY release (data loss, security, or accessibility trap), independent of M4 Reliability and beta readiness."
BUG-RISK-079,Storage and recovery,Browser eviction has no warning,"anticipated risk, not confirmed defect",high,"Enforce the relevant architecture contract, safe failure and explicit validation.",Create a deterministic regression test for: Browser eviction has no warning.,Blocks M4 Reliability and beta readiness - must be resolved or explicitly deferred with a written exception before that milestone ships.
BUG-RISK-080,Storage and recovery,Migration overwrites the only archive,"anticipated risk, not confirmed defect",critical,"Enforce the relevant architecture contract, safe failure and explicit validation.",Create a deterministic regression test for: Migration overwrites the only archive.,"Hard blocker: fix before ANY release (data loss, security, or accessibility trap), independent of M4 Reliability and beta readiness."
BUG-RISK-081,Archive and migration,Archive accepts path traversal,"anticipated risk, not confirmed defect",high,"Enforce the relevant architecture contract, safe failure and explicit validation.",Create a deterministic regression test for: Archive accepts path traversal.,Blocks M2 Architectural vertical slice - must be resolved or explicitly deferred with a written exception before that milestone ships.
BUG-RISK-082,Archive and migration,Checksum is not verified,"anticipated risk, not confirmed defect",high,"Enforce the relevant architecture contract, safe failure and explicit validation.",Create a deterministic regression test for: Checksum is not verified.,Blocks M2 Architectural vertical slice - must be resolved or explicitly deferred with a written exception before that milestone ships.
BUG-RISK-083,Archive and migration,Unknown optional section blocks opening,"anticipated risk, not confirmed defect",high,"Enforce the relevant architecture contract, safe failure and explicit validation.",Create a deterministic regression test for: Unknown optional section blocks opening.,Blocks M2 Architectural vertical slice - must be resolved or explicitly deferred with a written exception before that milestone ships.
BUG-RISK-084,Archive and migration,Schema migration changes IDs,"anticipated risk, not confirmed defect",high,"Enforce the relevant architecture contract, safe failure and explicit validation.",Create a deterministic regression test for: Schema migration changes IDs.,Blocks M2 Architectural vertical slice - must be resolved or explicitly deferred with a written exception before that milestone ships.
BUG-RISK-085,Archive and migration,Archive order is nondeterministic without reason,"anticipated risk, not confirmed defect",high,"Enforce the relevant architecture contract, safe failure and explicit validation.",Create a deterministic regression test for: Archive order is nondeterministic without reason.,Blocks M2 Architectural vertical slice - must be resolved or explicitly deferred with a written exception before that milestone ships.
BUG-RISK-086,Archive and migration,Zip bomb exhausts memory,"anticipated risk, not confirmed defect",high,"Enforce the relevant architecture contract, safe failure and explicit validation.",Create a deterministic regression test for: Zip bomb exhausts memory.,Blocks M2 Architectural vertical slice - must be resolved or explicitly deferred with a written exception before that milestone ships.
BUG-RISK-087,Archive and migration,Partial archive opens as complete,"anticipated risk, not confirmed defect",high,"Enforce the relevant architecture contract, safe failure and explicit validation.",Create a deterministic regression test for: Partial archive opens as complete.,Blocks M2 Architectural vertical slice - must be resolved or explicitly deferred with a written exception before that milestone ships.
BUG-RISK-088,Archive and migration,Migration cannot retain original copy,"anticipated risk, not confirmed defect",high,"Enforce the relevant architecture contract, safe failure and explicit validation.",Create a deterministic regression test for: Migration cannot retain original copy.,Blocks M2 Architectural vertical slice - must be resolved or explicitly deferred with a written exception before that milestone ships.
BUG-RISK-089,Import,Wrong units scale imported drawing,"anticipated risk, not confirmed defect",high,"Enforce the relevant architecture contract, safe failure and explicit validation.",Create a deterministic regression test for: Wrong units scale imported drawing.,Blocks M5 Exchange - must be resolved or explicitly deferred with a written exception before that milestone ships.
BUG-RISK-090,Import,Unsupported object disappears without report,"anticipated risk, not confirmed defect",high,"Enforce the relevant architecture contract, safe failure and explicit validation.",Create a deterministic regression test for: Unsupported object disappears without report.,Blocks M5 Exchange - must be resolved or explicitly deferred with a written exception before that milestone ships.
BUG-RISK-091,Import,Partial import mutates project after failure,"anticipated risk, not confirmed defect",high,"Enforce the relevant architecture contract, safe failure and explicit validation.",Create a deterministic regression test for: Partial import mutates project after failure.,Blocks M5 Exchange - must be resolved or explicitly deferred with a written exception before that milestone ships.
BUG-RISK-092,Import,Malicious text becomes executable markup,"anticipated risk, not confirmed defect",high,"Enforce the relevant architecture contract, safe failure and explicit validation.",Create a deterministic regression test for: Malicious text becomes executable markup.,Blocks M5 Exchange - must be resolved or explicitly deferred with a written exception before that milestone ships.
BUG-RISK-093,Import,Large IFC exhausts browser memory,"anticipated risk, not confirmed defect",high,"Enforce the relevant architecture contract, safe failure and explicit validation.",Create a deterministic regression test for: Large IFC exhausts browser memory.,Blocks M5 Exchange - must be resolved or explicitly deferred with a written exception before that milestone ships.
BUG-RISK-094,Import,DXF block transforms are applied twice,"anticipated risk, not confirmed defect",high,"Enforce the relevant architecture contract, safe failure and explicit validation.",Create a deterministic regression test for: DXF block transforms are applied twice.,Blocks M5 Exchange - must be resolved or explicitly deferred with a written exception before that milestone ships.
BUG-RISK-095,Import,Source identifiers are lost,"anticipated risk, not confirmed defect",high,"Enforce the relevant architecture contract, safe failure and explicit validation.",Create a deterministic regression test for: Source identifiers are lost.,Blocks M5 Exchange - must be resolved or explicitly deferred with a written exception before that milestone ships.
BUG-RISK-096,Import,Cancel leaves temporary objects,"anticipated risk, not confirmed defect",high,"Enforce the relevant architecture contract, safe failure and explicit validation.",Create a deterministic regression test for: Cancel leaves temporary objects.,Blocks M5 Exchange - must be resolved or explicitly deferred with a written exception before that milestone ships.
BUG-RISK-097,Export,PDF is a raster screenshot,"anticipated risk, not confirmed defect",high,"Enforce the relevant architecture contract, safe failure and explicit validation.",Create a deterministic regression test for: PDF is a raster screenshot.,Blocks M3 Documentation - must be resolved or explicitly deferred with a written exception before that milestone ships.
BUG-RISK-098,Export,Export changes project revision,"anticipated risk, not confirmed defect",high,"Enforce the relevant architecture contract, safe failure and explicit validation.",Create a deterministic regression test for: Export changes project revision.,Blocks M3 Documentation - must be resolved or explicitly deferred with a written exception before that milestone ships.
BUG-RISK-099,Export,Font is missing or substituted silently,"anticipated risk, not confirmed defect",high,"Enforce the relevant architecture contract, safe failure and explicit validation.",Create a deterministic regression test for: Font is missing or substituted silently.,Blocks M3 Documentation - must be resolved or explicitly deferred with a written exception before that milestone ships.
BUG-RISK-100,Export,Physical print scale is wrong,"anticipated risk, not confirmed defect",high,"Enforce the relevant architecture contract, safe failure and explicit validation.",Create a deterministic regression test for: Physical print scale is wrong.,Blocks M3 Documentation - must be resolved or explicitly deferred with a written exception before that milestone ships.
BUG-RISK-101,Export,Clipped content is omitted without warning,"anticipated risk, not confirmed defect",high,"Enforce the relevant architecture contract, safe failure and explicit validation.",Create a deterministic regression test for: Clipped content is omitted without warning.,Blocks M3 Documentation - must be resolved or explicitly deferred with a written exception before that milestone ships.
BUG-RISK-102,Export,Expired download is presented as failed export,"anticipated risk, not confirmed defect",high,"Enforce the relevant architecture contract, safe failure and explicit validation.",Create a deterministic regression test for: Expired download is presented as failed export.,Blocks M3 Documentation - must be resolved or explicitly deferred with a written exception before that milestone ships.
BUG-RISK-103,Export,IFC support report overstates preserved data,"anticipated risk, not confirmed defect",critical,"Enforce the relevant architecture contract, safe failure and explicit validation.",Create a deterministic regression test for: IFC support report overstates preserved data.,"Hard blocker: fix before ANY release (data loss, security, or accessibility trap), independent of M3 Documentation."
BUG-RISK-104,Export,Concurrent edit changes export mid-generation,"anticipated risk, not confirmed defect",high,"Enforce the relevant architecture contract, safe failure and explicit validation.",Create a deterministic regression test for: Concurrent edit changes export mid-generation.,Blocks M3 Documentation - must be resolved or explicitly deferred with a written exception before that milestone ships.
BUG-RISK-105,Collaboration and sync,Last write wins on delete versus modify,"anticipated risk, not confirmed defect",high,"Enforce the relevant architecture contract, safe failure and explicit validation.",Create a deterministic regression test for: Last write wins on delete versus modify.,Blocks M6 Review collaboration - must be resolved or explicitly deferred with a written exception before that milestone ships.
BUG-RISK-106,Collaboration and sync,Offline operation applies twice,"anticipated risk, not confirmed defect",high,"Enforce the relevant architecture contract, safe failure and explicit validation.",Create a deterministic regression test for: Offline operation applies twice.,Blocks M6 Review collaboration - must be resolved or explicitly deferred with a written exception before that milestone ships.
BUG-RISK-107,Collaboration and sync,User undoes another user work,"anticipated risk, not confirmed defect",high,"Enforce the relevant architecture contract, safe failure and explicit validation.",Create a deterministic regression test for: User undoes another user work.,Blocks M6 Review collaboration - must be resolved or explicitly deferred with a written exception before that milestone ships.
BUG-RISK-108,Collaboration and sync,Presence remains after disconnect,"anticipated risk, not confirmed defect",high,"Enforce the relevant architecture contract, safe failure and explicit validation.",Create a deterministic regression test for: Presence remains after disconnect.,Blocks M6 Review collaboration - must be resolved or explicitly deferred with a written exception before that milestone ships.
BUG-RISK-109,Collaboration and sync,Comment target points to replaced element,"anticipated risk, not confirmed defect",high,"Enforce the relevant architecture contract, safe failure and explicit validation.",Create a deterministic regression test for: Comment target points to replaced element.,Blocks M6 Review collaboration - must be resolved or explicitly deferred with a written exception before that milestone ships.
BUG-RISK-110,Collaboration and sync,Share link retains access after revocation,"anticipated risk, not confirmed defect",high,"Enforce the relevant architecture contract, safe failure and explicit validation.",Create a deterministic regression test for: Share link retains access after revocation.,Blocks M6 Review collaboration - must be resolved or explicitly deferred with a written exception before that milestone ships.
BUG-RISK-111,Collaboration and sync,Role downgrade is cached too long,"anticipated risk, not confirmed defect",high,"Enforce the relevant architecture contract, safe failure and explicit validation.",Create a deterministic regression test for: Role downgrade is cached too long.,Blocks M6 Review collaboration - must be resolved or explicitly deferred with a written exception before that milestone ships.
BUG-RISK-112,Collaboration and sync,Conflict resolver loses local copy,"anticipated risk, not confirmed defect",critical,"Enforce the relevant architecture contract, safe failure and explicit validation.",Create a deterministic regression test for: Conflict resolver loses local copy.,"Hard blocker: fix before ANY release (data loss, security, or accessibility trap), independent of M6 Review collaboration."
BUG-RISK-113,Security and permissions,Viewer can call edit API directly,"anticipated risk, not confirmed defect",high,"Enforce the relevant architecture contract, safe failure and explicit validation.",Create a deterministic regression test for: Viewer can call edit API directly.,Blocks M4 Reliability and beta readiness - must be resolved or explicitly deferred with a written exception before that milestone ships.
BUG-RISK-114,Security and permissions,Project existence leaks through error difference,"anticipated risk, not confirmed defect",high,"Enforce the relevant architecture contract, safe failure and explicit validation.",Create a deterministic regression test for: Project existence leaks through error difference.,Blocks M4 Reliability and beta readiness - must be resolved or explicitly deferred with a written exception before that milestone ships.
BUG-RISK-115,Security and permissions,Signed URL lasts too long,"anticipated risk, not confirmed defect",high,"Enforce the relevant architecture contract, safe failure and explicit validation.",Create a deterministic regression test for: Signed URL lasts too long.,Blocks M4 Reliability and beta readiness - must be resolved or explicitly deferred with a written exception before that milestone ships.
BUG-RISK-116,Security and permissions,Cross-tenant object-storage key accepted,"anticipated risk, not confirmed defect",critical,"Enforce the relevant architecture contract, safe failure and explicit validation.",Create a deterministic regression test for: Cross-tenant object-storage key accepted.,"Hard blocker: fix before ANY release (data loss, security, or accessibility trap), independent of M4 Reliability and beta readiness."
BUG-RISK-117,Security and permissions,Audit log stores sensitive project content,"anticipated risk, not confirmed defect",high,"Enforce the relevant architecture contract, safe failure and explicit validation.",Create a deterministic regression test for: Audit log stores sensitive project content.,Blocks M4 Reliability and beta readiness - must be resolved or explicitly deferred with a written exception before that milestone ships.
BUG-RISK-118,Security and permissions,Imported SVG executes script,"anticipated risk, not confirmed defect",high,"Enforce the relevant architecture contract, safe failure and explicit validation.",Create a deterministic regression test for: Imported SVG executes script.,Blocks M4 Reliability and beta readiness - must be resolved or explicitly deferred with a written exception before that milestone ships.
BUG-RISK-119,Security and permissions,Share token is stored in plaintext,"anticipated risk, not confirmed defect",critical,"Enforce the relevant architecture contract, safe failure and explicit validation.",Create a deterministic regression test for: Share token is stored in plaintext.,"Hard blocker: fix before ANY release (data loss, security, or accessibility trap), independent of M4 Reliability and beta readiness."
BUG-RISK-120,Security and permissions,Account deletion leaves active sessions,"anticipated risk, not confirmed defect",high,"Enforce the relevant architecture contract, safe failure and explicit validation.",Create a deterministic regression test for: Account deletion leaves active sessions.,Blocks M4 Reliability and beta readiness - must be resolved or explicitly deferred with a written exception before that milestone ships.
BUG-RISK-121,AI,AI applies without preview,"anticipated risk, not confirmed defect",high,"Enforce the relevant architecture contract, safe failure and explicit validation.",Create a deterministic regression test for: AI applies without preview.,Blocks M7 Bounded AI - must be resolved or explicitly deferred with a written exception before that milestone ships.
BUG-RISK-122,AI,AI hides dimensional assumption,"anticipated risk, not confirmed defect",high,"Enforce the relevant architecture contract, safe failure and explicit validation.",Create a deterministic regression test for: AI hides dimensional assumption.,Blocks M7 Bounded AI - must be resolved or explicitly deferred with a written exception before that milestone ships.
BUG-RISK-123,AI,AI deletes geometry to satisfy request,"anticipated risk, not confirmed defect",high,"Enforce the relevant architecture contract, safe failure and explicit validation.",Create a deterministic regression test for: AI deletes geometry to satisfy request.,Blocks M7 Bounded AI - must be resolved or explicitly deferred with a written exception before that milestone ships.
BUG-RISK-124,AI,Prompt injection in imported metadata changes behaviour,"anticipated risk, not confirmed defect",critical,"Enforce the relevant architecture contract, safe failure and explicit validation.",Create a deterministic regression test for: Prompt injection in imported metadata changes behaviour.,"Hard blocker: fix before ANY release (data loss, security, or accessibility trap), independent of M7 Bounded AI."
BUG-RISK-125,AI,AI proposal references stale revision,"anticipated risk, not confirmed defect",high,"Enforce the relevant architecture contract, safe failure and explicit validation.",Create a deterministic regression test for: AI proposal references stale revision.,Blocks M7 Bounded AI - must be resolved or explicitly deferred with a written exception before that milestone ships.
BUG-RISK-126,AI,Undo does not reverse whole proposal,"anticipated risk, not confirmed defect",high,"Enforce the relevant architecture contract, safe failure and explicit validation.",Create a deterministic regression test for: Undo does not reverse whole proposal.,Blocks M7 Bounded AI - must be resolved or explicitly deferred with a written exception before that milestone ships.
BUG-RISK-127,AI,AI claims code compliance,"anticipated risk, not confirmed defect",high,"Enforce the relevant architecture contract, safe failure and explicit validation.",Create a deterministic regression test for: AI claims code compliance.,Blocks M7 Bounded AI - must be resolved or explicitly deferred with a written exception before that milestone ships.
BUG-RISK-128,AI,Private project content is retained unexpectedly,"anticipated risk, not confirmed defect",high,"Enforce the relevant architecture contract, safe failure and explicit validation.",Create a deterministic regression test for: Private project content is retained unexpectedly.,Blocks M7 Bounded AI - must be resolved or explicitly deferred with a written exception before that milestone ships.
BUG-RISK-129,iPad and input,Pencil stroke orbits camera,"anticipated risk, not confirmed defect",high,"Enforce the relevant architecture contract, safe failure and explicit validation.",Create a deterministic regression test for: Pencil stroke orbits camera.,Blocks M1 Editor kernel - must be resolved or explicitly deferred with a written exception before that milestone ships.
BUG-RISK-130,iPad and input,Finger touch creates geometry during Pencil use,"anticipated risk, not confirmed defect",high,"Enforce the relevant architecture contract, safe failure and explicit validation.",Create a deterministic regression test for: Finger touch creates geometry during Pencil use.,Blocks M1 Editor kernel - must be resolved or explicitly deferred with a written exception before that milestone ships.
BUG-RISK-131,iPad and input,Software keyboard covers numeric input,"anticipated risk, not confirmed defect",high,"Enforce the relevant architecture contract, safe failure and explicit validation.",Create a deterministic regression test for: Software keyboard covers numeric input.,Blocks M1 Editor kernel - must be resolved or explicitly deferred with a written exception before that milestone ships.
BUG-RISK-132,iPad and input,Hover snap differs from tap snap,"anticipated risk, not confirmed defect",high,"Enforce the relevant architecture contract, safe failure and explicit validation.",Create a deterministic regression test for: Hover snap differs from tap snap.,Blocks M1 Editor kernel - must be resolved or explicitly deferred with a written exception before that milestone ships.
BUG-RISK-133,iPad and input,Trackpad shortcut conflicts with browser,"anticipated risk, not confirmed defect",high,"Enforce the relevant architecture contract, safe failure and explicit validation.",Create a deterministic regression test for: Trackpad shortcut conflicts with browser.,Blocks M1 Editor kernel - must be resolved or explicitly deferred with a written exception before that milestone ships.
BUG-RISK-134,iPad and input,Portrait inspector hides commit action,"anticipated risk, not confirmed defect",high,"Enforce the relevant architecture contract, safe failure and explicit validation.",Create a deterministic regression test for: Portrait inspector hides commit action.,Blocks M1 Editor kernel - must be resolved or explicitly deferred with a written exception before that milestone ships.
BUG-RISK-135,iPad and input,Squeeze action triggers unsupported command,"anticipated risk, not confirmed defect",high,"Enforce the relevant architecture contract, safe failure and explicit validation.",Create a deterministic regression test for: Squeeze action triggers unsupported command.,Blocks M1 Editor kernel - must be resolved or explicitly deferred with a written exception before that milestone ships.
BUG-RISK-136,iPad and input,Palm rejection fails near canvas edge,"anticipated risk, not confirmed defect",high,"Enforce the relevant architecture contract, safe failure and explicit validation.",Create a deterministic regression test for: Palm rejection fails near canvas edge.,Blocks M1 Editor kernel - must be resolved or explicitly deferred with a written exception before that milestone ships.
BUG-RISK-137,Accessibility,Active tool is indicated only by colour,"anticipated risk, not confirmed defect",high,"Enforce the relevant architecture contract, safe failure and explicit validation.",Create a deterministic regression test for: Active tool is indicated only by colour.,Blocks M4 Reliability and beta readiness - must be resolved or explicitly deferred with a written exception before that milestone ships.
BUG-RISK-138,Accessibility,Command palette focus is lost after results update,"anticipated risk, not confirmed defect",high,"Enforce the relevant architecture contract, safe failure and explicit validation.",Create a deterministic regression test for: Command palette focus is lost after results update.,Blocks M4 Reliability and beta readiness - must be resolved or explicitly deferred with a written exception before that milestone ships.
BUG-RISK-139,Accessibility,Canvas selection has no textual equivalent,"anticipated risk, not confirmed defect",high,"Enforce the relevant architecture contract, safe failure and explicit validation.",Create a deterministic regression test for: Canvas selection has no textual equivalent.,Blocks M4 Reliability and beta readiness - must be resolved or explicitly deferred with a written exception before that milestone ships.
BUG-RISK-140,Accessibility,Dialog closes without returning focus,"anticipated risk, not confirmed defect",critical,"Enforce the relevant architecture contract, safe failure and explicit validation.",Create a deterministic regression test for: Dialog closes without returning focus.,"Hard blocker: fix before ANY release (data loss, security, or accessibility trap), independent of M4 Reliability and beta readiness."
BUG-RISK-141,Accessibility,Error is not associated with numeric field,"anticipated risk, not confirmed defect",high,"Enforce the relevant architecture contract, safe failure and explicit validation.",Create a deterministic regression test for: Error is not associated with numeric field.,Blocks M4 Reliability and beta readiness - must be resolved or explicitly deferred with a written exception before that milestone ships.
BUG-RISK-142,Accessibility,Model tree cannot be navigated by keyboard,"anticipated risk, not confirmed defect",high,"Enforce the relevant architecture contract, safe failure and explicit validation.",Create a deterministic regression test for: Model tree cannot be navigated by keyboard.,Blocks M4 Reliability and beta readiness - must be resolved or explicitly deferred with a written exception before that milestone ships.
BUG-RISK-143,Accessibility,Reduced motion still animates camera,"anticipated risk, not confirmed defect",high,"Enforce the relevant architecture contract, safe failure and explicit validation.",Create a deterministic regression test for: Reduced motion still animates camera.,Blocks M4 Reliability and beta readiness - must be resolved or explicitly deferred with a written exception before that milestone ships.
BUG-RISK-144,Accessibility,Touch target is below 44 points,"anticipated risk, not confirmed defect",high,"Enforce the relevant architecture contract, safe failure and explicit validation.",Create a deterministic regression test for: Touch target is below 44 points.,Blocks M4 Reliability and beta readiness - must be resolved or explicitly deferred with a written exception before that milestone ships.
BUG-RISK-145,Performance,Room rebuild recalculates whole project,"anticipated risk, not confirmed defect",high,"Enforce the relevant architecture contract, safe failure and explicit validation.",Create a deterministic regression test for: Room rebuild recalculates whole project.,Blocks M4 Reliability and beta readiness - must be resolved or explicitly deferred with a written exception before that milestone ships.
BUG-RISK-146,Performance,Hover performs exact geometry on every frame,"anticipated risk, not confirmed defect",high,"Enforce the relevant architecture contract, safe failure and explicit validation.",Create a deterministic regression test for: Hover performs exact geometry on every frame.,Blocks M4 Reliability and beta readiness - must be resolved or explicitly deferred with a written exception before that milestone ships.
BUG-RISK-147,Performance,React rerenders full model on pointer move,"anticipated risk, not confirmed defect",high,"Enforce the relevant architecture contract, safe failure and explicit validation.",Create a deterministic regression test for: React rerenders full model on pointer move.,Blocks M4 Reliability and beta readiness - must be resolved or explicitly deferred with a written exception before that milestone ships.
BUG-RISK-148,Performance,Worker messages copy large buffers unnecessarily,"anticipated risk, not confirmed defect",high,"Enforce the relevant architecture contract, safe failure and explicit validation.",Create a deterministic regression test for: Worker messages copy large buffers unnecessarily.,Blocks M4 Reliability and beta readiness - must be resolved or explicitly deferred with a written exception before that milestone ships.
BUG-RISK-149,Performance,Inactive levels remain fully loaded,"anticipated risk, not confirmed defect",high,"Enforce the relevant architecture contract, safe failure and explicit validation.",Create a deterministic regression test for: Inactive levels remain fully loaded.,Blocks M4 Reliability and beta readiness - must be resolved or explicitly deferred with a written exception before that milestone ships.
BUG-RISK-150,Performance,Selection index rebuilds after camera-only change,"anticipated risk, not confirmed defect",high,"Enforce the relevant architecture contract, safe failure and explicit validation.",Create a deterministic regression test for: Selection index rebuilds after camera-only change.,Blocks M4 Reliability and beta readiness - must be resolved or explicitly deferred with a written exception before that milestone ships.
BUG-RISK-151,Performance,Import progress blocks main thread,"anticipated risk, not confirmed defect",high,"Enforce the relevant architecture contract, safe failure and explicit validation.",Create a deterministic regression test for: Import progress blocks main thread.,Blocks M4 Reliability and beta readiness - must be resolved or explicitly deferred with a written exception before that milestone ships.
BUG-RISK-152,Performance,Diagnostics themselves reduce frame rate,"anticipated risk, not confirmed defect",high,"Enforce the relevant architecture contract, safe failure and explicit validation.",Create a deterministic regression test for: Diagnostics themselves reduce frame rate.,Blocks M4 Reliability and beta readiness - must be resolved or explicitly deferred with a written exception before that milestone ships.
BUG-RISK-153,Browser and platform,Safari storage is evicted without recovery path,"anticipated risk, not confirmed defect",high,"Enforce the relevant architecture contract, safe failure and explicit validation.",Create a deterministic regression test for: Safari storage is evicted without recovery path.,Blocks M4 Reliability and beta readiness - must be resolved or explicitly deferred with a written exception before that milestone ships.
BUG-RISK-154,Browser and platform,Browser shortcut prevents Arq command,"anticipated risk, not confirmed defect",high,"Enforce the relevant architecture contract, safe failure and explicit validation.",Create a deterministic regression test for: Browser shortcut prevents Arq command.,Blocks M4 Reliability and beta readiness - must be resolved or explicitly deferred with a written exception before that milestone ships.
BUG-RISK-155,Browser and platform,WebGL context limit is exceeded,"anticipated risk, not confirmed defect",high,"Enforce the relevant architecture contract, safe failure and explicit validation.",Create a deterministic regression test for: WebGL context limit is exceeded.,Blocks M4 Reliability and beta readiness - must be resolved or explicitly deferred with a written exception before that milestone ships.
BUG-RISK-156,Browser and platform,File System Access API is assumed everywhere,"anticipated risk, not confirmed defect",high,"Enforce the relevant architecture contract, safe failure and explicit validation.",Create a deterministic regression test for: File System Access API is assumed everywhere.,Blocks M4 Reliability and beta readiness - must be resolved or explicitly deferred with a written exception before that milestone ships.
BUG-RISK-157,Browser and platform,WebGPU capability detection is inaccurate,"anticipated risk, not confirmed defect",high,"Enforce the relevant architecture contract, safe failure and explicit validation.",Create a deterministic regression test for: WebGPU capability detection is inaccurate.,Blocks M4 Reliability and beta readiness - must be resolved or explicitly deferred with a written exception before that milestone ships.
BUG-RISK-158,Browser and platform,iPad backgrounding interrupts export,"anticipated risk, not confirmed defect",high,"Enforce the relevant architecture contract, safe failure and explicit validation.",Create a deterministic regression test for: iPad backgrounding interrupts export.,Blocks M4 Reliability and beta readiness - must be resolved or explicitly deferred with a written exception before that milestone ships.
BUG-RISK-159,Browser and platform,High-DPI scaling changes hit testing,"anticipated risk, not confirmed defect",high,"Enforce the relevant architecture contract, safe failure and explicit validation.",Create a deterministic regression test for: High-DPI scaling changes hit testing.,Blocks M4 Reliability and beta readiness - must be resolved or explicitly deferred with a written exception before that milestone ships.
BUG-RISK-160,Browser and platform,Browser zoom breaks panel layout,"anticipated risk, not confirmed defect",high,"Enforce the relevant architecture contract, safe failure and explicit validation.",Create a deterministic regression test for: Browser zoom breaks panel layout.,Blocks M4 Reliability and beta readiness - must be resolved or explicitly deferred with a written exception before that milestone ships.
BUG-RISK-161,UI state and copy,Saved label hides unsynced state,"anticipated risk, not confirmed defect",high,"Enforce the relevant architecture contract, safe failure and explicit validation.",Create a deterministic regression test for: Saved label hides unsynced state.,Blocks M1 Editor kernel - must be resolved or explicitly deferred with a written exception before that milestone ships.
BUG-RISK-162,UI state and copy,Disabled action has no explanation,"anticipated risk, not confirmed defect",high,"Enforce the relevant architecture contract, safe failure and explicit validation.",Create a deterministic regression test for: Disabled action has no explanation.,Blocks M1 Editor kernel - must be resolved or explicitly deferred with a written exception before that milestone ships.
BUG-RISK-163,UI state and copy,Modal opens behind canvas overlay,"anticipated risk, not confirmed defect",high,"Enforce the relevant architecture contract, safe failure and explicit validation.",Create a deterministic regression test for: Modal opens behind canvas overlay.,Blocks M1 Editor kernel - must be resolved or explicitly deferred with a written exception before that milestone ships.
BUG-RISK-164,UI state and copy,Panel opening shifts canvas coordinates,"anticipated risk, not confirmed defect",high,"Enforce the relevant architecture contract, safe failure and explicit validation.",Create a deterministic regression test for: Panel opening shifts canvas coordinates.,Blocks M1 Editor kernel - must be resolved or explicitly deferred with a written exception before that milestone ships.
BUG-RISK-165,UI state and copy,Error message uses internal exception only,"anticipated risk, not confirmed defect",high,"Enforce the relevant architecture contract, safe failure and explicit validation.",Create a deterministic regression test for: Error message uses internal exception only.,Blocks M1 Editor kernel - must be resolved or explicitly deferred with a written exception before that milestone ships.
BUG-RISK-166,UI state and copy,Loading state looks like an empty project,"anticipated risk, not confirmed defect",high,"Enforce the relevant architecture contract, safe failure and explicit validation.",Create a deterministic regression test for: Loading state looks like an empty project.,Blocks M1 Editor kernel - must be resolved or explicitly deferred with a written exception before that milestone ships.
BUG-RISK-167,UI state and copy,Destructive default action is focused,"anticipated risk, not confirmed defect",high,"Enforce the relevant architecture contract, safe failure and explicit validation.",Create a deterministic regression test for: Destructive default action is focused.,Blocks M1 Editor kernel - must be resolved or explicitly deferred with a written exception before that milestone ships.
BUG-RISK-168,UI state and copy,Coming-later feature appears available,"anticipated risk, not confirmed defect",high,"Enforce the relevant architecture contract, safe failure and explicit validation.",Create a deterministic regression test for: Coming-later feature appears available.,Blocks M1 Editor kernel - must be resolved or explicitly deferred with a written exception before that milestone ships.
