id,group,feature,stage,status,dependency,quality_gate,claim_rule
FEAT-001,Project and files,Create project,R1,protected,See command and entity catalogues,"Usability, correctness, recovery, accessibility, performance and security",Do not market as available before release evidence
FEAT-002,Project and files,Open project,R1,protected,See command and entity catalogues,"Usability, correctness, recovery, accessibility, performance and security",Do not market as available before release evidence
FEAT-003,Project and files,Recent projects,R1,protected,See command and entity catalogues,"Usability, correctness, recovery, accessibility, performance and security",Do not market as available before release evidence
FEAT-004,Project and files,Duplicate project,R1,protected,See command and entity catalogues,"Usability, correctness, recovery, accessibility, performance and security",Do not market as available before release evidence
FEAT-005,Project and files,Archive project,R1,protected,See command and entity catalogues,"Usability, correctness, recovery, accessibility, performance and security",Do not market as available before release evidence
FEAT-006,Project and files,Restore project,R1,protected,See command and entity catalogues,"Usability, correctness, recovery, accessibility, performance and security",Do not market as available before release evidence
FEAT-007,Project and files,Clean .arq export,R1,protected,See command and entity catalogues,"Usability, correctness, recovery, accessibility, performance and security",Do not market as available before release evidence
FEAT-008,Project and files,Linked external .arq document,R2,planned,See command and entity catalogues,"Usability, correctness, recovery, accessibility, performance and security",Do not market as available before release evidence
FEAT-009,Project and files,Project templates,R1,protected,See command and entity catalogues,"Usability, correctness, recovery, accessibility, performance and security",Do not market as available before release evidence
FEAT-010,Project and files,Safe mode,R1,protected,See command and entity catalogues,"Usability, correctness, recovery, accessibility, performance and security",Do not market as available before release evidence
FEAT-011,Project and files,Recovery centre,R1,protected,See command and entity catalogues,"Usability, correctness, recovery, accessibility, performance and security",Do not market as available before release evidence
FEAT-012,Project and files,Project diagnostics,R1,protected,See command and entity catalogues,"Usability, correctness, recovery, accessibility, performance and security",Do not market as available before release evidence
FEAT-013,Project and files,Project comparison,R2,planned,See command and entity catalogues,"Usability, correctness, recovery, accessibility, performance and security",Do not market as available before release evidence
FEAT-014,Project and files,Project branching,R4,planned,See command and entity catalogues,"Usability, correctness, recovery, accessibility, performance and security",Do not market as available before release evidence
FEAT-015,Project and files,Project merge,R5,planned,See command and entity catalogues,"Usability, correctness, recovery, accessibility, performance and security",Do not market as available before release evidence
FEAT-016,Units and coordinates,Metric units,R1,protected,See command and entity catalogues,"Usability, correctness, recovery, accessibility, performance and security",Do not market as available before release evidence
FEAT-017,Units and coordinates,Imperial units,R1,protected,See command and entity catalogues,"Usability, correctness, recovery, accessibility, performance and security",Do not market as available before release evidence
FEAT-018,Units and coordinates,Display precision,R1,protected,See command and entity catalogues,"Usability, correctness, recovery, accessibility, performance and security",Do not market as available before release evidence
FEAT-019,Units and coordinates,Internal canonical units,R1,protected,See command and entity catalogues,"Usability, correctness, recovery, accessibility, performance and security",Do not market as available before release evidence
FEAT-020,Units and coordinates,Project origin,R1,protected,See command and entity catalogues,"Usability, correctness, recovery, accessibility, performance and security",Do not market as available before release evidence
FEAT-021,Units and coordinates,North direction,R1,protected,See command and entity catalogues,"Usability, correctness, recovery, accessibility, performance and security",Do not market as available before release evidence
FEAT-022,Units and coordinates,Shared coordinates,R3,planned,See command and entity catalogues,"Usability, correctness, recovery, accessibility, performance and security",Do not market as available before release evidence
FEAT-023,Units and coordinates,Survey point,R3,planned,See command and entity catalogues,"Usability, correctness, recovery, accessibility, performance and security",Do not market as available before release evidence
FEAT-024,Units and coordinates,Georeferencing,R3,planned,See command and entity catalogues,"Usability, correctness, recovery, accessibility, performance and security",Do not market as available before release evidence
FEAT-025,Units and coordinates,True north and project north,R3,planned,See command and entity catalogues,"Usability, correctness, recovery, accessibility, performance and security",Do not market as available before release evidence
FEAT-026,2D drafting,Line,R1,protected,See command and entity catalogues,"Usability, correctness, recovery, accessibility, performance and security",Do not market as available before release evidence
FEAT-027,2D drafting,Polyline,R1,protected,See command and entity catalogues,"Usability, correctness, recovery, accessibility, performance and security",Do not market as available before release evidence
FEAT-028,2D drafting,Rectangle,R1,protected,See command and entity catalogues,"Usability, correctness, recovery, accessibility, performance and security",Do not market as available before release evidence
FEAT-029,2D drafting,Polygon,R2,planned,See command and entity catalogues,"Usability, correctness, recovery, accessibility, performance and security",Do not market as available before release evidence
FEAT-030,2D drafting,Circle,R2,planned,See command and entity catalogues,"Usability, correctness, recovery, accessibility, performance and security",Do not market as available before release evidence
FEAT-031,2D drafting,Arc,R2,planned,See command and entity catalogues,"Usability, correctness, recovery, accessibility, performance and security",Do not market as available before release evidence
FEAT-032,2D drafting,Ellipse,R3,planned,See command and entity catalogues,"Usability, correctness, recovery, accessibility, performance and security",Do not market as available before release evidence
FEAT-033,2D drafting,Spline,R3,planned,See command and entity catalogues,"Usability, correctness, recovery, accessibility, performance and security",Do not market as available before release evidence
FEAT-034,2D drafting,Construction line,R2,planned,See command and entity catalogues,"Usability, correctness, recovery, accessibility, performance and security",Do not market as available before release evidence
FEAT-035,2D drafting,Detail line,R2,planned,See command and entity catalogues,"Usability, correctness, recovery, accessibility, performance and security",Do not market as available before release evidence
FEAT-036,2D drafting,Region,R2,planned,See command and entity catalogues,"Usability, correctness, recovery, accessibility, performance and security",Do not market as available before release evidence
FEAT-037,2D drafting,Hatch and fill,R3,planned,See command and entity catalogues,"Usability, correctness, recovery, accessibility, performance and security",Do not market as available before release evidence
FEAT-038,2D drafting,Offset,R1,protected,See command and entity catalogues,"Usability, correctness, recovery, accessibility, performance and security",Do not market as available before release evidence
FEAT-039,2D drafting,Trim,R1,protected,See command and entity catalogues,"Usability, correctness, recovery, accessibility, performance and security",Do not market as available before release evidence
FEAT-040,2D drafting,Extend,R1,protected,See command and entity catalogues,"Usability, correctness, recovery, accessibility, performance and security",Do not market as available before release evidence
FEAT-041,2D drafting,Split,R1,protected,See command and entity catalogues,"Usability, correctness, recovery, accessibility, performance and security",Do not market as available before release evidence
FEAT-042,2D drafting,Join,R1,protected,See command and entity catalogues,"Usability, correctness, recovery, accessibility, performance and security",Do not market as available before release evidence
FEAT-043,2D drafting,Fillet,R2,planned,See command and entity catalogues,"Usability, correctness, recovery, accessibility, performance and security",Do not market as available before release evidence
FEAT-044,2D drafting,Chamfer,R2,planned,See command and entity catalogues,"Usability, correctness, recovery, accessibility, performance and security",Do not market as available before release evidence
FEAT-045,2D drafting,Move,R1,protected,See command and entity catalogues,"Usability, correctness, recovery, accessibility, performance and security",Do not market as available before release evidence
FEAT-046,2D drafting,Copy,R1,protected,See command and entity catalogues,"Usability, correctness, recovery, accessibility, performance and security",Do not market as available before release evidence
FEAT-047,2D drafting,Rotate,R1,protected,See command and entity catalogues,"Usability, correctness, recovery, accessibility, performance and security",Do not market as available before release evidence
FEAT-048,2D drafting,Mirror,R1,protected,See command and entity catalogues,"Usability, correctness, recovery, accessibility, performance and security",Do not market as available before release evidence
FEAT-049,2D drafting,Scale imported linework,R1,protected,See command and entity catalogues,"Usability, correctness, recovery, accessibility, performance and security",Do not market as available before release evidence
FEAT-050,2D drafting,Rectangular array,R2,planned,See command and entity catalogues,"Usability, correctness, recovery, accessibility, performance and security",Do not market as available before release evidence
FEAT-051,2D drafting,Polar array,R3,planned,See command and entity catalogues,"Usability, correctness, recovery, accessibility, performance and security",Do not market as available before release evidence
FEAT-052,2D drafting,Align,R1,protected,See command and entity catalogues,"Usability, correctness, recovery, accessibility, performance and security",Do not market as available before release evidence
FEAT-053,2D drafting,Distribute,R3,planned,See command and entity catalogues,"Usability, correctness, recovery, accessibility, performance and security",Do not market as available before release evidence
FEAT-054,2D drafting,Constraints,R2,planned,See command and entity catalogues,"Usability, correctness, recovery, accessibility, performance and security",Do not market as available before release evidence
FEAT-055,2D drafting,Selection filters,R1,protected,See command and entity catalogues,"Usability, correctness, recovery, accessibility, performance and security",Do not market as available before release evidence
FEAT-056,2D drafting,Layers for imported content,R1,protected,See command and entity catalogues,"Usability, correctness, recovery, accessibility, performance and security",Do not market as available before release evidence
FEAT-057,2D drafting,Line styles,R2,planned,See command and entity catalogues,"Usability, correctness, recovery, accessibility, performance and security",Do not market as available before release evidence
FEAT-058,2D drafting,Line weights,R2,planned,See command and entity catalogues,"Usability, correctness, recovery, accessibility, performance and security",Do not market as available before release evidence
FEAT-059,Architectural model,Levels,R1,protected,See command and entity catalogues,"Usability, correctness, recovery, accessibility, performance and security",Do not market as available before release evidence
FEAT-060,Architectural model,Grids,R1,protected,See command and entity catalogues,"Usability, correctness, recovery, accessibility, performance and security",Do not market as available before release evidence
FEAT-061,Architectural model,Straight walls,R1,protected,See command and entity catalogues,"Usability, correctness, recovery, accessibility, performance and security",Do not market as available before release evidence
FEAT-062,Architectural model,Wall types,R1,protected,See command and entity catalogues,"Usability, correctness, recovery, accessibility, performance and security",Do not market as available before release evidence
FEAT-063,Architectural model,Wall joins,R1,protected,See command and entity catalogues,"Usability, correctness, recovery, accessibility, performance and security",Do not market as available before release evidence
FEAT-064,Architectural model,Wall profile edit,R3,planned,See command and entity catalogues,"Usability, correctness, recovery, accessibility, performance and security",Do not market as available before release evidence
FEAT-065,Architectural model,Curved walls,R3,planned,See command and entity catalogues,"Usability, correctness, recovery, accessibility, performance and security",Do not market as available before release evidence
FEAT-066,Architectural model,Stacked walls,R5,planned,See command and entity catalogues,"Usability, correctness, recovery, accessibility, performance and security",Do not market as available before release evidence
FEAT-067,Architectural model,Curtain walls,R4,planned,See command and entity catalogues,"Usability, correctness, recovery, accessibility, performance and security",Do not market as available before release evidence
FEAT-068,Architectural model,Doors,R1,protected,See command and entity catalogues,"Usability, correctness, recovery, accessibility, performance and security",Do not market as available before release evidence
FEAT-069,Architectural model,Windows,R1,protected,See command and entity catalogues,"Usability, correctness, recovery, accessibility, performance and security",Do not market as available before release evidence
FEAT-070,Architectural model,Generic openings,R1,protected,See command and entity catalogues,"Usability, correctness, recovery, accessibility, performance and security",Do not market as available before release evidence
FEAT-071,Architectural model,Hosted components,R2,planned,See command and entity catalogues,"Usability, correctness, recovery, accessibility, performance and security",Do not market as available before release evidence
FEAT-072,Architectural model,Rooms,R1,protected,See command and entity catalogues,"Usability, correctness, recovery, accessibility, performance and security",Do not market as available before release evidence
FEAT-073,Architectural model,Areas,R2,planned,See command and entity catalogues,"Usability, correctness, recovery, accessibility, performance and security",Do not market as available before release evidence
FEAT-074,Architectural model,Room separation lines,R2,planned,See command and entity catalogues,"Usability, correctness, recovery, accessibility, performance and security",Do not market as available before release evidence
FEAT-075,Architectural model,Slabs and floors,R2,planned,See command and entity catalogues,"Usability, correctness, recovery, accessibility, performance and security",Do not market as available before release evidence
FEAT-076,Architectural model,Ceilings,R3,planned,See command and entity catalogues,"Usability, correctness, recovery, accessibility, performance and security",Do not market as available before release evidence
FEAT-077,Architectural model,Columns,R2,planned,See command and entity catalogues,"Usability, correctness, recovery, accessibility, performance and security",Do not market as available before release evidence
FEAT-078,Architectural model,Beams,R3,planned,See command and entity catalogues,"Usability, correctness, recovery, accessibility, performance and security",Do not market as available before release evidence
FEAT-079,Architectural model,Basic stairs,R3,planned,See command and entity catalogues,"Usability, correctness, recovery, accessibility, performance and security",Do not market as available before release evidence
FEAT-080,Architectural model,Advanced stairs,R5,planned,See command and entity catalogues,"Usability, correctness, recovery, accessibility, performance and security",Do not market as available before release evidence
FEAT-081,Architectural model,Railings,R4,planned,See command and entity catalogues,"Usability, correctness, recovery, accessibility, performance and security",Do not market as available before release evidence
FEAT-082,Architectural model,Ramps,R4,planned,See command and entity catalogues,"Usability, correctness, recovery, accessibility, performance and security",Do not market as available before release evidence
FEAT-083,Architectural model,Roof by footprint,R3,planned,See command and entity catalogues,"Usability, correctness, recovery, accessibility, performance and security",Do not market as available before release evidence
FEAT-084,Architectural model,Roof by extrusion,R4,planned,See command and entity catalogues,"Usability, correctness, recovery, accessibility, performance and security",Do not market as available before release evidence
FEAT-085,Architectural model,Shaft openings,R3,planned,See command and entity catalogues,"Usability, correctness, recovery, accessibility, performance and security",Do not market as available before release evidence
FEAT-086,Architectural model,Generic components,R2,planned,See command and entity catalogues,"Usability, correctness, recovery, accessibility, performance and security",Do not market as available before release evidence
FEAT-087,Architectural model,Groups,R3,planned,See command and entity catalogues,"Usability, correctness, recovery, accessibility, performance and security",Do not market as available before release evidence
FEAT-088,Architectural model,Assemblies,R5,planned,See command and entity catalogues,"Usability, correctness, recovery, accessibility, performance and security",Do not market as available before release evidence
FEAT-089,Architectural model,Parts,R5,planned,See command and entity catalogues,"Usability, correctness, recovery, accessibility, performance and security",Do not market as available before release evidence
FEAT-090,Architectural model,Phases,R4,planned,See command and entity catalogues,"Usability, correctness, recovery, accessibility, performance and security",Do not market as available before release evidence
FEAT-091,Architectural model,Design options,R4,planned,See command and entity catalogues,"Usability, correctness, recovery, accessibility, performance and security",Do not market as available before release evidence
FEAT-092,Architectural model,Demolition and renovation,R4,planned,See command and entity catalogues,"Usability, correctness, recovery, accessibility, performance and security",Do not market as available before release evidence
FEAT-093,Site and context,Site boundary,R3,planned,See command and entity catalogues,"Usability, correctness, recovery, accessibility, performance and security",Do not market as available before release evidence
FEAT-094,Site and context,Property lines,R3,planned,See command and entity catalogues,"Usability, correctness, recovery, accessibility, performance and security",Do not market as available before release evidence
FEAT-095,Site and context,Topography surface,R4,planned,See command and entity catalogues,"Usability, correctness, recovery, accessibility, performance and security",Do not market as available before release evidence
FEAT-096,Site and context,Graded region,R5,planned,See command and entity catalogues,"Usability, correctness, recovery, accessibility, performance and security",Do not market as available before release evidence
FEAT-097,Site and context,Building pad,R4,planned,See command and entity catalogues,"Usability, correctness, recovery, accessibility, performance and security",Do not market as available before release evidence
FEAT-098,Site and context,Parking components,R4,planned,See command and entity catalogues,"Usability, correctness, recovery, accessibility, performance and security",Do not market as available before release evidence
FEAT-099,Site and context,Trees and entourage,R3,planned,See command and entity catalogues,"Usability, correctness, recovery, accessibility, performance and security",Do not market as available before release evidence
FEAT-100,Site and context,Sun study,R3,planned,See command and entity catalogues,"Usability, correctness, recovery, accessibility, performance and security",Do not market as available before release evidence
FEAT-101,Site and context,Geographic location,R3,planned,See command and entity catalogues,"Usability, correctness, recovery, accessibility, performance and security",Do not market as available before release evidence
FEAT-102,Site and context,GIS reference import,R5,planned,See command and entity catalogues,"Usability, correctness, recovery, accessibility, performance and security",Do not market as available before release evidence
FEAT-103,Site and context,Point cloud viewing,R5,planned,See command and entity catalogues,"Usability, correctness, recovery, accessibility, performance and security",Do not market as available before release evidence
FEAT-104,Site and context,Point cloud authoring,Later,planned,See command and entity catalogues,"Usability, correctness, recovery, accessibility, performance and security",Do not market as available before release evidence
FEAT-105,Views,Floor plan,R1,protected,See command and entity catalogues,"Usability, correctness, recovery, accessibility, performance and security",Do not market as available before release evidence
FEAT-106,Views,Reflected ceiling plan,R3,planned,See command and entity catalogues,"Usability, correctness, recovery, accessibility, performance and security",Do not market as available before release evidence
FEAT-107,Views,Orthographic 3D,R1,protected,See command and entity catalogues,"Usability, correctness, recovery, accessibility, performance and security",Do not market as available before release evidence
FEAT-108,Views,Perspective 3D,R2,planned,See command and entity catalogues,"Usability, correctness, recovery, accessibility, performance and security",Do not market as available before release evidence
FEAT-109,Views,Section,R2,planned,See command and entity catalogues,"Usability, correctness, recovery, accessibility, performance and security",Do not market as available before release evidence
FEAT-110,Views,Elevation,R2,planned,See command and entity catalogues,"Usability, correctness, recovery, accessibility, performance and security",Do not market as available before release evidence
FEAT-111,Views,Detail view,R3,planned,See command and entity catalogues,"Usability, correctness, recovery, accessibility, performance and security",Do not market as available before release evidence
FEAT-112,Views,Drafting view,R3,planned,See command and entity catalogues,"Usability, correctness, recovery, accessibility, performance and security",Do not market as available before release evidence
FEAT-113,Views,Legend,R3,planned,See command and entity catalogues,"Usability, correctness, recovery, accessibility, performance and security",Do not market as available before release evidence
FEAT-114,Views,Saved view,R1,protected,See command and entity catalogues,"Usability, correctness, recovery, accessibility, performance and security",Do not market as available before release evidence
FEAT-115,Views,Split view,R1,protected,See command and entity catalogues,"Usability, correctness, recovery, accessibility, performance and security",Do not market as available before release evidence
FEAT-116,Views,View crop,R2,planned,See command and entity catalogues,"Usability, correctness, recovery, accessibility, performance and security",Do not market as available before release evidence
FEAT-117,Views,Annotation crop,R3,planned,See command and entity catalogues,"Usability, correctness, recovery, accessibility, performance and security",Do not market as available before release evidence
FEAT-118,Views,View template,R3,planned,See command and entity catalogues,"Usability, correctness, recovery, accessibility, performance and security",Do not market as available before release evidence
FEAT-119,Views,Visibility classes,R2,planned,See command and entity catalogues,"Usability, correctness, recovery, accessibility, performance and security",Do not market as available before release evidence
FEAT-120,Views,Hide and isolate,R1,protected,See command and entity catalogues,"Usability, correctness, recovery, accessibility, performance and security",Do not market as available before release evidence
FEAT-121,Views,Reveal hidden,R2,planned,See command and entity catalogues,"Usability, correctness, recovery, accessibility, performance and security",Do not market as available before release evidence
FEAT-122,Views,View depth,R3,planned,See command and entity catalogues,"Usability, correctness, recovery, accessibility, performance and security",Do not market as available before release evidence
FEAT-123,Views,Discipline filters,R5,planned,See command and entity catalogues,"Usability, correctness, recovery, accessibility, performance and security",Do not market as available before release evidence
FEAT-124,Views,Presentation mode,R2,planned,See command and entity catalogues,"Usability, correctness, recovery, accessibility, performance and security",Do not market as available before release evidence
FEAT-125,Documentation,Linear dimension,R1,protected,See command and entity catalogues,"Usability, correctness, recovery, accessibility, performance and security",Do not market as available before release evidence
FEAT-126,Documentation,Aligned dimension,R1,protected,See command and entity catalogues,"Usability, correctness, recovery, accessibility, performance and security",Do not market as available before release evidence
FEAT-127,Documentation,Angular dimension,R2,planned,See command and entity catalogues,"Usability, correctness, recovery, accessibility, performance and security",Do not market as available before release evidence
FEAT-128,Documentation,Radial dimension,R2,planned,See command and entity catalogues,"Usability, correctness, recovery, accessibility, performance and security",Do not market as available before release evidence
FEAT-129,Documentation,Spot elevation,R3,planned,See command and entity catalogues,"Usability, correctness, recovery, accessibility, performance and security",Do not market as available before release evidence
FEAT-130,Documentation,Text note,R1,protected,See command and entity catalogues,"Usability, correctness, recovery, accessibility, performance and security",Do not market as available before release evidence
FEAT-131,Documentation,Leader,R2,planned,See command and entity catalogues,"Usability, correctness, recovery, accessibility, performance and security",Do not market as available before release evidence
FEAT-132,Documentation,Room tag,R1,protected,See command and entity catalogues,"Usability, correctness, recovery, accessibility, performance and security",Do not market as available before release evidence
FEAT-133,Documentation,Door tag,R2,planned,See command and entity catalogues,"Usability, correctness, recovery, accessibility, performance and security",Do not market as available before release evidence
FEAT-134,Documentation,Window tag,R2,planned,See command and entity catalogues,"Usability, correctness, recovery, accessibility, performance and security",Do not market as available before release evidence
FEAT-135,Documentation,Generic tag,R3,planned,See command and entity catalogues,"Usability, correctness, recovery, accessibility, performance and security",Do not market as available before release evidence
FEAT-136,Documentation,Keynotes,R4,planned,See command and entity catalogues,"Usability, correctness, recovery, accessibility, performance and security",Do not market as available before release evidence
FEAT-137,Documentation,Revision cloud,R2,planned,See command and entity catalogues,"Usability, correctness, recovery, accessibility, performance and security",Do not market as available before release evidence
FEAT-138,Documentation,Revision schedule,R3,planned,See command and entity catalogues,"Usability, correctness, recovery, accessibility, performance and security",Do not market as available before release evidence
FEAT-139,Documentation,Sheet,R1,protected,See command and entity catalogues,"Usability, correctness, recovery, accessibility, performance and security",Do not market as available before release evidence
FEAT-140,Documentation,Viewport,R1,protected,See command and entity catalogues,"Usability, correctness, recovery, accessibility, performance and security",Do not market as available before release evidence
FEAT-141,Documentation,Title block,R1,protected,See command and entity catalogues,"Usability, correctness, recovery, accessibility, performance and security",Do not market as available before release evidence
FEAT-142,Documentation,Sheet numbering,R1,protected,See command and entity catalogues,"Usability, correctness, recovery, accessibility, performance and security",Do not market as available before release evidence
FEAT-143,Documentation,Sheet set,R2,planned,See command and entity catalogues,"Usability, correctness, recovery, accessibility, performance and security",Do not market as available before release evidence
FEAT-144,Documentation,Print set,R2,planned,See command and entity catalogues,"Usability, correctness, recovery, accessibility, performance and security",Do not market as available before release evidence
FEAT-145,Documentation,Vector PDF,R1,protected,See command and entity catalogues,"Usability, correctness, recovery, accessibility, performance and security",Do not market as available before release evidence
FEAT-146,Documentation,Print preview,R1,protected,See command and entity catalogues,"Usability, correctness, recovery, accessibility, performance and security",Do not market as available before release evidence
FEAT-147,Documentation,Schedules,R2,planned,See command and entity catalogues,"Usability, correctness, recovery, accessibility, performance and security",Do not market as available before release evidence
FEAT-148,Documentation,Door schedule,R2,planned,See command and entity catalogues,"Usability, correctness, recovery, accessibility, performance and security",Do not market as available before release evidence
FEAT-149,Documentation,Window schedule,R2,planned,See command and entity catalogues,"Usability, correctness, recovery, accessibility, performance and security",Do not market as available before release evidence
FEAT-150,Documentation,Room schedule,R2,planned,See command and entity catalogues,"Usability, correctness, recovery, accessibility, performance and security",Do not market as available before release evidence
FEAT-151,Documentation,Material takeoff,R4,planned,See command and entity catalogues,"Usability, correctness, recovery, accessibility, performance and security",Do not market as available before release evidence
FEAT-152,Documentation,Calculated schedule fields,R3,planned,See command and entity catalogues,"Usability, correctness, recovery, accessibility, performance and security",Do not market as available before release evidence
FEAT-153,Documentation,Schedule formatting,R3,planned,See command and entity catalogues,"Usability, correctness, recovery, accessibility, performance and security",Do not market as available before release evidence
FEAT-154,Collaboration and review,Workspace roles,R2,planned,See command and entity catalogues,"Usability, correctness, recovery, accessibility, performance and security",Do not market as available before release evidence
FEAT-155,Collaboration and review,Share link,R2,planned,See command and entity catalogues,"Usability, correctness, recovery, accessibility, performance and security",Do not market as available before release evidence
FEAT-156,Collaboration and review,Viewer,R2,planned,See command and entity catalogues,"Usability, correctness, recovery, accessibility, performance and security",Do not market as available before release evidence
FEAT-157,Collaboration and review,Commenter,R2,planned,See command and entity catalogues,"Usability, correctness, recovery, accessibility, performance and security",Do not market as available before release evidence
FEAT-158,Collaboration and review,Model comments,R2,planned,See command and entity catalogues,"Usability, correctness, recovery, accessibility, performance and security",Do not market as available before release evidence
FEAT-159,Collaboration and review,Sheet comments,R2,planned,See command and entity catalogues,"Usability, correctness, recovery, accessibility, performance and security",Do not market as available before release evidence
FEAT-160,Collaboration and review,Issues,R2,planned,See command and entity catalogues,"Usability, correctness, recovery, accessibility, performance and security",Do not market as available before release evidence
FEAT-161,Collaboration and review,Issue assignment,R2,planned,See command and entity catalogues,"Usability, correctness, recovery, accessibility, performance and security",Do not market as available before release evidence
FEAT-162,Collaboration and review,Revision history,R2,planned,See command and entity catalogues,"Usability, correctness, recovery, accessibility, performance and security",Do not market as available before release evidence
FEAT-163,Collaboration and review,Revision compare,R2,planned,See command and entity catalogues,"Usability, correctness, recovery, accessibility, performance and security",Do not market as available before release evidence
FEAT-164,Collaboration and review,Presence,R3,planned,See command and entity catalogues,"Usability, correctness, recovery, accessibility, performance and security",Do not market as available before release evidence
FEAT-165,Collaboration and review,Live cursors,R3,planned,See command and entity catalogues,"Usability, correctness, recovery, accessibility, performance and security",Do not market as available before release evidence
FEAT-166,Collaboration and review,Element ownership,R4,planned,See command and entity catalogues,"Usability, correctness, recovery, accessibility, performance and security",Do not market as available before release evidence
FEAT-167,Collaboration and review,Offline collaboration,R3,planned,See command and entity catalogues,"Usability, correctness, recovery, accessibility, performance and security",Do not market as available before release evidence
FEAT-168,Collaboration and review,Geometry conflict resolution,R4,planned,See command and entity catalogues,"Usability, correctness, recovery, accessibility, performance and security",Do not market as available before release evidence
FEAT-169,Collaboration and review,Named branches,R4,planned,See command and entity catalogues,"Usability, correctness, recovery, accessibility, performance and security",Do not market as available before release evidence
FEAT-170,Collaboration and review,Approvals,R3,planned,See command and entity catalogues,"Usability, correctness, recovery, accessibility, performance and security",Do not market as available before release evidence
FEAT-171,Collaboration and review,Issued sheet state,R3,planned,See command and entity catalogues,"Usability, correctness, recovery, accessibility, performance and security",Do not market as available before release evidence
FEAT-172,Collaboration and review,BCF exchange,R3,planned,See command and entity catalogues,"Usability, correctness, recovery, accessibility, performance and security",Do not market as available before release evidence
FEAT-173,Interoperability,Image underlay,R1,protected,See command and entity catalogues,"Usability, correctness, recovery, accessibility, performance and security",Do not market as available before release evidence
FEAT-174,Interoperability,PDF underlay,R2,planned,See command and entity catalogues,"Usability, correctness, recovery, accessibility, performance and security",Do not market as available before release evidence
FEAT-175,Interoperability,Arq native file,R1,protected,See command and entity catalogues,"Usability, correctness, recovery, accessibility, performance and security",Do not market as available before release evidence
FEAT-176,Interoperability,PDF export,R1,protected,See command and entity catalogues,"Usability, correctness, recovery, accessibility, performance and security",Do not market as available before release evidence
FEAT-177,Interoperability,CSV schedule export,R2,planned,See command and entity catalogues,"Usability, correctness, recovery, accessibility, performance and security",Do not market as available before release evidence
FEAT-178,Interoperability,DXF import subset,R2,planned,See command and entity catalogues,"Usability, correctness, recovery, accessibility, performance and security",Do not market as available before release evidence
FEAT-179,Interoperability,DXF export subset,R2,planned,See command and entity catalogues,"Usability, correctness, recovery, accessibility, performance and security",Do not market as available before release evidence
FEAT-180,Interoperability,IFC viewing,R2,planned,See command and entity catalogues,"Usability, correctness, recovery, accessibility, performance and security",Do not market as available before release evidence
FEAT-181,Interoperability,IFC property inspection,R2,planned,See command and entity catalogues,"Usability, correctness, recovery, accessibility, performance and security",Do not market as available before release evidence
FEAT-182,Interoperability,IFC import subset,R3,planned,See command and entity catalogues,"Usability, correctness, recovery, accessibility, performance and security",Do not market as available before release evidence
FEAT-183,Interoperability,IFC export subset,R3,planned,See command and entity catalogues,"Usability, correctness, recovery, accessibility, performance and security",Do not market as available before release evidence
FEAT-184,Interoperability,BCF import and export,R3,planned,See command and entity catalogues,"Usability, correctness, recovery, accessibility, performance and security",Do not market as available before release evidence
FEAT-185,Interoperability,GLB export,R3,planned,See command and entity catalogues,"Usability, correctness, recovery, accessibility, performance and security",Do not market as available before release evidence
FEAT-186,Interoperability,STEP selected solids,R4,planned,See command and entity catalogues,"Usability, correctness, recovery, accessibility, performance and security",Do not market as available before release evidence
FEAT-187,Interoperability,DWG licensed conversion,Evidence,planned,See command and entity catalogues,"Usability, correctness, recovery, accessibility, performance and security",Do not market as available before release evidence
FEAT-188,Interoperability,RVT connector,Evidence,planned,See command and entity catalogues,"Usability, correctness, recovery, accessibility, performance and security",Do not market as available before release evidence
FEAT-189,Interoperability,Speckle connector,R4,planned,See command and entity catalogues,"Usability, correctness, recovery, accessibility, performance and security",Do not market as available before release evidence
FEAT-190,Interoperability,Revit connector,R5,planned,See command and entity catalogues,"Usability, correctness, recovery, accessibility, performance and security",Do not market as available before release evidence
FEAT-191,Interoperability,Rhino connector,R5,planned,See command and entity catalogues,"Usability, correctness, recovery, accessibility, performance and security",Do not market as available before release evidence
FEAT-192,Interoperability,AutoCAD connector,R5,planned,See command and entity catalogues,"Usability, correctness, recovery, accessibility, performance and security",Do not market as available before release evidence
FEAT-193,Visualisation,Monochrome technical 3D,R1,protected,See command and entity catalogues,"Usability, correctness, recovery, accessibility, performance and security",Do not market as available before release evidence
FEAT-194,Visualisation,Materials,R2,planned,See command and entity catalogues,"Usability, correctness, recovery, accessibility, performance and security",Do not market as available before release evidence
FEAT-195,Visualisation,Textures,R3,planned,See command and entity catalogues,"Usability, correctness, recovery, accessibility, performance and security",Do not market as available before release evidence
FEAT-196,Visualisation,Sun and shadows,R3,planned,See command and entity catalogues,"Usability, correctness, recovery, accessibility, performance and security",Do not market as available before release evidence
FEAT-197,Visualisation,Ambient occlusion,R3,planned,See command and entity catalogues,"Usability, correctness, recovery, accessibility, performance and security",Do not market as available before release evidence
FEAT-198,Visualisation,Section box,R2,planned,See command and entity catalogues,"Usability, correctness, recovery, accessibility, performance and security",Do not market as available before release evidence
FEAT-199,Visualisation,Exploded view,R4,planned,See command and entity catalogues,"Usability, correctness, recovery, accessibility, performance and security",Do not market as available before release evidence
FEAT-200,Visualisation,Diagram styles,R3,planned,See command and entity catalogues,"Usability, correctness, recovery, accessibility, performance and security",Do not market as available before release evidence
FEAT-201,Visualisation,Image export,R2,planned,See command and entity catalogues,"Usability, correctness, recovery, accessibility, performance and security",Do not market as available before release evidence
FEAT-202,Visualisation,Video path,R5,planned,See command and entity catalogues,"Usability, correctness, recovery, accessibility, performance and security",Do not market as available before release evidence
FEAT-203,Visualisation,Photorealistic renderer integration,R5,planned,See command and entity catalogues,"Usability, correctness, recovery, accessibility, performance and security",Do not market as available before release evidence
FEAT-204,Visualisation,Native path tracing,Later,planned,See command and entity catalogues,"Usability, correctness, recovery, accessibility, performance and security",Do not market as available before release evidence
FEAT-205,Visualisation,AR walkthrough,R4,planned,See command and entity catalogues,"Usability, correctness, recovery, accessibility, performance and security",Do not market as available before release evidence
FEAT-206,Visualisation,Vision Pro review,Later,planned,See command and entity catalogues,"Usability, correctness, recovery, accessibility, performance and security",Do not market as available before release evidence
FEAT-207,AI and automation,Explain selected object,R3,planned,See command and entity catalogues,"Usability, correctness, recovery, accessibility, performance and security",Do not market as available before release evidence
FEAT-208,AI and automation,Explain validation error,R3,planned,See command and entity catalogues,"Usability, correctness, recovery, accessibility, performance and security",Do not market as available before release evidence
FEAT-209,AI and automation,Natural language command search,R3,planned,See command and entity catalogues,"Usability, correctness, recovery, accessibility, performance and security",Do not market as available before release evidence
FEAT-210,AI and automation,Bounded wall modification,R3,planned,See command and entity catalogues,"Usability, correctness, recovery, accessibility, performance and security",Do not market as available before release evidence
FEAT-211,AI and automation,Bounded opening modification,R3,planned,See command and entity catalogues,"Usability, correctness, recovery, accessibility, performance and security",Do not market as available before release evidence
FEAT-212,AI and automation,Room naming assistance,R3,planned,See command and entity catalogues,"Usability, correctness, recovery, accessibility, performance and security",Do not market as available before release evidence
FEAT-213,AI and automation,Schedule generation,R3,planned,See command and entity catalogues,"Usability, correctness, recovery, accessibility, performance and security",Do not market as available before release evidence
FEAT-214,AI and automation,Model health suggestions,R3,planned,See command and entity catalogues,"Usability, correctness, recovery, accessibility, performance and security",Do not market as available before release evidence
FEAT-215,AI and automation,ArqScript parser,R3,planned,See command and entity catalogues,"Usability, correctness, recovery, accessibility, performance and security",Do not market as available before release evidence
FEAT-216,AI and automation,ArqScript executor,R3,planned,See command and entity catalogues,"Usability, correctness, recovery, accessibility, performance and security",Do not market as available before release evidence
FEAT-217,AI and automation,AI proposal preview,R3,planned,See command and entity catalogues,"Usability, correctness, recovery, accessibility, performance and security",Do not market as available before release evidence
FEAT-218,AI and automation,AI grouped undo,R3,planned,See command and entity catalogues,"Usability, correctness, recovery, accessibility, performance and security",Do not market as available before release evidence
FEAT-219,AI and automation,Sketch calibration,R4,planned,See command and entity catalogues,"Usability, correctness, recovery, accessibility, performance and security",Do not market as available before release evidence
FEAT-220,AI and automation,Sketch to bounded operations,R4,planned,See command and entity catalogues,"Usability, correctness, recovery, accessibility, performance and security",Do not market as available before release evidence
FEAT-221,AI and automation,Room layout alternatives,R5,planned,See command and entity catalogues,"Usability, correctness, recovery, accessibility, performance and security",Do not market as available before release evidence
FEAT-222,AI and automation,Whole-building generation,Research,planned,See command and entity catalogues,"Usability, correctness, recovery, accessibility, performance and security",Do not market as available before release evidence
FEAT-223,AI and automation,Code compliance assistance,Research,planned,See command and entity catalogues,"Usability, correctness, recovery, accessibility, performance and security",Do not market as available before release evidence
FEAT-224,AI and automation,Structural design generation,Not planned,planned,See command and entity catalogues,"Usability, correctness, recovery, accessibility, performance and security",Do not market as available before release evidence
FEAT-225,Native and field,PWA install,R2,planned,See command and entity catalogues,"Usability, correctness, recovery, accessibility, performance and security",Do not market as available before release evidence
FEAT-226,Native and field,Native desktop shell,R4,planned,See command and entity catalogues,"Usability, correctness, recovery, accessibility, performance and security",Do not market as available before release evidence
FEAT-227,Native and field,macOS document integration,R4,planned,See command and entity catalogues,"Usability, correctness, recovery, accessibility, performance and security",Do not market as available before release evidence
FEAT-228,Native and field,Windows file association,R4,planned,See command and entity catalogues,"Usability, correctness, recovery, accessibility, performance and security",Do not market as available before release evidence
FEAT-229,Native and field,iPad document integration,R4,planned,See command and entity catalogues,"Usability, correctness, recovery, accessibility, performance and security",Do not market as available before release evidence
FEAT-230,Native and field,Apple Pencil hover,R4,planned,See command and entity catalogues,"Usability, correctness, recovery, accessibility, performance and security",Do not market as available before release evidence
FEAT-231,Native and field,Apple Pencil double tap,R4,planned,See command and entity catalogues,"Usability, correctness, recovery, accessibility, performance and security",Do not market as available before release evidence
FEAT-232,Native and field,Apple Pencil squeeze,R4,planned,See command and entity catalogues,"Usability, correctness, recovery, accessibility, performance and security",Do not market as available before release evidence
FEAT-233,Native and field,Pencil haptic snap,R4,planned,See command and entity catalogues,"Usability, correctness, recovery, accessibility, performance and security",Do not market as available before release evidence
FEAT-234,Native and field,RoomPlan import,R4,planned,See command and entity catalogues,"Usability, correctness, recovery, accessibility, performance and security",Do not market as available before release evidence
FEAT-235,Native and field,LiDAR source capture,R4,planned,See command and entity catalogues,"Usability, correctness, recovery, accessibility, performance and security",Do not market as available before release evidence
FEAT-236,Native and field,Capture correction workflow,R4,planned,See command and entity catalogues,"Usability, correctness, recovery, accessibility, performance and security",Do not market as available before release evidence
FEAT-237,Native and field,Phone viewer,R3,planned,See command and entity catalogues,"Usability, correctness, recovery, accessibility, performance and security",Do not market as available before release evidence
FEAT-238,Native and field,Phone markup,R3,planned,See command and entity catalogues,"Usability, correctness, recovery, accessibility, performance and security",Do not market as available before release evidence
FEAT-239,Native and field,Offline project replica,R1,protected,See command and entity catalogues,"Usability, correctness, recovery, accessibility, performance and security",Do not market as available before release evidence
FEAT-240,Administration and platform,Account settings,R2,planned,See command and entity catalogues,"Usability, correctness, recovery, accessibility, performance and security",Do not market as available before release evidence
FEAT-241,Administration and platform,Workspace settings,R2,planned,See command and entity catalogues,"Usability, correctness, recovery, accessibility, performance and security",Do not market as available before release evidence
FEAT-242,Administration and platform,Billing,R3,planned,See command and entity catalogues,"Usability, correctness, recovery, accessibility, performance and security",Do not market as available before release evidence
FEAT-243,Administration and platform,Usage limits,R3,planned,See command and entity catalogues,"Usability, correctness, recovery, accessibility, performance and security",Do not market as available before release evidence
FEAT-244,Administration and platform,Audit log,R3,planned,See command and entity catalogues,"Usability, correctness, recovery, accessibility, performance and security",Do not market as available before release evidence
FEAT-245,Administration and platform,SSO,R5,planned,See command and entity catalogues,"Usability, correctness, recovery, accessibility, performance and security",Do not market as available before release evidence
FEAT-246,Administration and platform,SCIM,R5,planned,See command and entity catalogues,"Usability, correctness, recovery, accessibility, performance and security",Do not market as available before release evidence
FEAT-247,Administration and platform,Regional hosting,R5,planned,See command and entity catalogues,"Usability, correctness, recovery, accessibility, performance and security",Do not market as available before release evidence
FEAT-248,Administration and platform,API keys,R4,planned,See command and entity catalogues,"Usability, correctness, recovery, accessibility, performance and security",Do not market as available before release evidence
FEAT-249,Administration and platform,Webhooks,R4,planned,See command and entity catalogues,"Usability, correctness, recovery, accessibility, performance and security",Do not market as available before release evidence
FEAT-250,Administration and platform,Plugin SDK,R5,planned,See command and entity catalogues,"Usability, correctness, recovery, accessibility, performance and security",Do not market as available before release evidence
FEAT-251,Administration and platform,Plugin permissions,R5,planned,See command and entity catalogues,"Usability, correctness, recovery, accessibility, performance and security",Do not market as available before release evidence
FEAT-252,Administration and platform,Organisation templates,R4,planned,See command and entity catalogues,"Usability, correctness, recovery, accessibility, performance and security",Do not market as available before release evidence
FEAT-253,Administration and platform,Component library administration,R4,planned,See command and entity catalogues,"Usability, correctness, recovery, accessibility, performance and security",Do not market as available before release evidence
FEAT-254,Administration and platform,Security dashboard,R5,planned,See command and entity catalogues,"Usability, correctness, recovery, accessibility, performance and security",Do not market as available before release evidence
FEAT-255,Administration and platform,Data retention controls,R4,planned,See command and entity catalogues,"Usability, correctness, recovery, accessibility, performance and security",Do not market as available before release evidence
FEAT-256,Administration and platform,Support bundle,R2,planned,See command and entity catalogues,"Usability, correctness, recovery, accessibility, performance and security",Do not market as available before release evidence
FEAT-257,Structural and MEP,Structural analytical model,Later,planned,See command and entity catalogues,"Usability, correctness, recovery, accessibility, performance and security",Do not market as available before release evidence
FEAT-258,Structural and MEP,Loads and combinations,Later,planned,See command and entity catalogues,"Usability, correctness, recovery, accessibility, performance and security",Do not market as available before release evidence
FEAT-259,Structural and MEP,Structural analysis,Not planned,planned,See command and entity catalogues,"Usability, correctness, recovery, accessibility, performance and security",Do not market as available before release evidence
FEAT-260,Structural and MEP,Duct authoring,Later,planned,See command and entity catalogues,"Usability, correctness, recovery, accessibility, performance and security",Do not market as available before release evidence
FEAT-261,Structural and MEP,Pipe authoring,Later,planned,See command and entity catalogues,"Usability, correctness, recovery, accessibility, performance and security",Do not market as available before release evidence
FEAT-262,Structural and MEP,Electrical circuits,Later,planned,See command and entity catalogues,"Usability, correctness, recovery, accessibility, performance and security",Do not market as available before release evidence
FEAT-263,Structural and MEP,MEP sizing,Not planned,planned,See command and entity catalogues,"Usability, correctness, recovery, accessibility, performance and security",Do not market as available before release evidence
FEAT-264,Structural and MEP,Clash detection,R5,planned,See command and entity catalogues,"Usability, correctness, recovery, accessibility, performance and security",Do not market as available before release evidence
FEAT-265,Structural and MEP,Fabrication detail,Not planned,planned,See command and entity catalogues,"Usability, correctness, recovery, accessibility, performance and security",Do not market as available before release evidence
